지점,지점명,일시,기온(°C),강수량(mm),풍속(m/s),풍향(16방위),습도(%),증기압(hPa),현지기압(hPa),해면기압(hPa),일조(hr),일사(MJ/m2),적설(cm),전운량(10분위),중하층운량(10분위),운형(운형약어),최저운고(100m ),현상번호(국내식),지면온도(°C),10cm 지중온도(°C),30cm 지중온도(°C)
108,서울,2020-06-01 00:00,17.6,.8,2.5,290,92,18.4,1000.4,1010.4,,,,10,9,StNs,,1901,18.3,22.7,21.9
108,서울,2020-06-01 01:00,17.7,.3,2.9,290,91,18.4,1000.2,1010.2,,,,10,9,StNs,3,1901,18,22.5,21.9
108,서울,2020-06-01 02:00,17.5,0,3.2,290,91,18.2,999.9,1009.9,,,,10,9,StNs,4,01,17.8,22.3,21.8
108,서울,2020-06-01 03:00,17.1,,3.2,290,91,17.7,999.7,1009.7,,,,10,10,St,3,19,17.5,22.1,21.7
108,서울,2020-06-01 04:00,17,0,3.3,290,92,17.7,999.8,1009.8,,,,10,10,St,3,1902,17.4,21.9,21.6
108,서울,2020-06-01 05:00,16.9,0,3.4,270,93,17.8,999.5,1009.5,,,,10,10,St,2,1902,17.3,21.8,21.5
108,서울,2020-06-01 06:00,16.7,.1,3.4,290,90,17,999.8,1009.8,0,.04,,4,4,Sc,5,1902,16.7,21.6,21.4
108,서울,2020-06-01 07:00,16.9,,2.3,290,86,16.5,1000,1010,.1,.32,,8,8,Sc,5,,18.4,21.4,21.3
108,서울,2020-06-01 08:00,17.8,,3.3,290,80,16.2,1000.2,1010.2,.3,.85,,7,7,Sc,5,,21.4,21.3,21.2
108,서울,2020-06-01 09:00,19.3,,2.1,320,73,16.3,1000.2,1010.1,.7,1.71,,2,2,Sc,13,,27.6,21.2,21.1
108,서울,2020-06-01 10:00,20.5,,3.4,270,62,14.9,999.9,1009.8,1,2.65,,1,1,Sc,12,,31.1,21.2,21
108,서울,2020-06-01 11:00,22.1,,3.6,290,52,13.7,999.6,1009.4,1,3.29,,1,1,Sc,14,,37.1,21.2,20.9
108,서울,2020-06-01 12:00,23.1,,4,290,49,13.7,999.8,1009.6,1,3.59,,2,2,Sc,15,,41.3,21.4,20.9
108,서울,2020-06-01 13:00,23.1,,5.1,290,42,11.8,999.4,1009.2,1,3.78,,1,1,Sc,10,,43.9,21.7,21
108,서울,2020-06-01 14:00,23.6,,5.1,290,39,11.3,999.3,1009,1,3.66,,2,0,Ci,,,44.6,22.1,21
108,서울,2020-06-01 15:00,23.8,,5.5,270,40,11.7,999,1008.7,1,3.3,,2,0,Ci,,,43.7,22.5,21.2
108,서울,2020-06-01 16:00,24.4,,3,270,39,11.9,998.8,1008.5,1,2.78,,3,0,Ci,,,42,22.6,21.1
108,서울,2020-06-01 17:00,23.6,,4.4,270,41,11.9,998.8,1008.5,1,2.15,,1,0,Ci,,,36.9,23.3,21.6
108,서울,2020-06-01 18:00,22.7,,4.1,320,42,11.6,998.7,1008.5,1,1.43,,0,0,,,,30.7,25.2,21.8
108,서울,2020-06-01 19:00,21.3,,4.2,290,44,11.1,999.1,1009,1,.68,,0,0,,,,22.7,23.8,22
108,서울,2020-06-01 20:00,19.8,,2.5,290,51,11.7,999.9,1009.9,.4,.12,,0,0,,,,19.4,23.9,22.2
108,서울,2020-06-01 21:00,18.6,,2.5,290,55,11.7,999.8,1009.7,,,,4,0,Ci,,,17.7,23.8,22.3
108,서울,2020-06-01 22:00,17.9,,2,290,62,12.7,1000.4,1010.4,,,,2,0,,,,16.6,23.6,22.4
108,서울,2020-06-01 23:00,17.2,,2,290,68,13.3,1000.3,1010.3,,,,6,0,,,,15.7,23.4,22.4
108,서울,2020-06-02 00:00,16.6,,1.6,270,74,13.9,1000.4,1010.4,,,,6,0,Ci,,,15.6,23.1,22.3
108,서울,2020-06-02 01:00,16.2,,.8,270,77,14.1,999.8,1009.9,,,,9,0,,,19,15.1,22.9,22.3
108,서울,2020-06-02 02:00,15.9,,1.1,180,78,14,999.9,1010,,,,8,8,,68,19,15,22.6,22.2
108,서울,2020-06-02 03:00,15.7,,.4,0,78,13.8,1000.1,1010.2,,,,8,0,Ci,,19,14.7,22.3,22
108,서울,2020-06-02 04:00,15.5,,.9,50,79,13.8,999.2,1009.3,,,,8,0,Ci,,,14.1,22,21.9
108,서울,2020-06-02 05:00,14.8,,1.3,160,79,13.2,999.5,1009.6,,,,6,0,Ci,,,13.5,21.8,21.7
108,서울,2020-06-02 06:00,15,,2.2,70,79,13.4,999.4,1009.5,0,.03,,9,4,AcCi,35,,14.9,21.6,21.6
108,서울,2020-06-02 07:00,15.5,,1.4,70,77,13.5,1000.5,1010.6,0,.13,,9,6,AcCi,35,,16.2,21.3,21.5
108,서울,2020-06-02 08:00,16,,2.2,50,75,13.6,1000.8,1010.9,0,.14,,10,7,ScAs,10,,16.8,21.1,21.3
108,서울,2020-06-02 09:00,16.9,,2.5,70,71,13.6,1000.3,1010.3,0,.36,,10,10,As,27,,19.2,21,21.2
108,서울,2020-06-02 10:00,17.3,,2.5,200,65,12.8,1000.2,1010.2,0,.38,,10,10,As,31,,19.3,20.8,21
108,서울,2020-06-02 11:00,17.5,0,2.6,320,70,13.9,1000.7,1010.7,0,.37,,10,6,ScAs,18,01,18.6,20.7,20.9
108,서울,2020-06-02 12:00,16.3,1.9,2.9,140,80,14.8,996.9,1006.9,0,.34,,10,5,ScAs,10,01,18.2,20.7,20.8
108,서울,2020-06-02 13:00,17.5,,2.2,90,68,13.6,995.7,1005.6,0,.54,,10,5,ScAs,15,,19.8,20.7,20.7
108,서울,2020-06-02 14:00,20.4,,3.1,180,51,12.2,995.6,1005.5,.1,1.63,,9,4,ScAc,18,,22.8,20.6,20.7
108,서울,2020-06-02 15:00,20.9,,2.2,180,48,11.8,995.4,1005.2,0,.56,,9,2,ScAc,15,,22.1,20.6,20.6
108,서울,2020-06-02 16:00,21.7,,2.5,250,46,11.9,995.1,1004.9,.1,.95,,9,4,ScAc,14,,20.4,20.5,20.2
108,서울,2020-06-02 17:00,21.2,,3.3,270,55,13.7,995,1004.8,0,.27,,9,9,Sc,11,,18.9,20.7,20.5
108,서울,2020-06-02 18:00,20.6,0,2.4,270,58,14,995.1,1005,0,.12,,10,7,ScAs,11,01,18.1,20.8,20.5
108,서울,2020-06-02 19:00,20.3,,2.9,290,61,14.5,995.6,1005.5,0,.05,,9,9,,10,,17.5,20.8,20.5
108,서울,2020-06-02 20:00,19.9,,3.1,290,65,15.1,995.8,1005.7,0,.02,,6,6,,8,,17.1,20.8,20.5
108,서울,2020-06-02 21:00,19.6,,2.7,250,70,15.9,996,1005.8,,,,8,8,Sc,7,,17.3,20.7,20.5
108,서울,2020-06-02 22:00,19.3,,2.2,290,74,16.5,996.1,1005.9,,,,9,9,,6,,17.4,20.6,20.5
108,서울,2020-06-02 23:00,19,,1.7,320,79,17.3,996.1,1006,,,,9,9,,5,19,17.6,20.6,20.5
108,서울,2020-06-03 00:00,18.4,.1,1.7,290,84,17.7,995.7,1005.6,,,,10,7,ScAs,,1901,17.6,20.5,20.4
108,서울,2020-06-03 01:00,18.3,,2,290,86,18.1,995.7,1005.6,,,,8,8,,3,19,17.5,20.4,20.4
108,서울,2020-06-03 02:00,18.2,,1.8,290,89,18.5,995.4,1005.3,,,,7,7,,2,19,17.5,20.3,20.3
108,서울,2020-06-03 03:00,18.2,,1.3,320,89,18.5,995.6,1005.5,,,,10,10,St,3,19,17.6,20.3,20.3
108,서울,2020-06-03 04:00,18.1,,1.5,290,87,17.9,995.5,1005.4,,,,10,10,St,4,19,17.1,20.2,20.2
108,서울,2020-06-03 05:00,18.1,,1.3,320,88,18.2,995.3,1005.2,,,,8,8,Sc,10,19,16.7,20.2,20.2
108,서울,2020-06-03 06:00,17.6,,.4,0,89,17.8,994.9,1004.8,0,.07,,6,6,Sc,9,19,16.4,20.1,20.1
108,서울,2020-06-03 07:00,18.3,,1.8,70,88,18.4,994.9,1004.8,.3,.41,,6,3,ScCi,10,19,20,20,20.1
108,서울,2020-06-03 08:00,19.7,,2,90,82,18.8,995.2,1005,.9,1.01,,6,2,ScCi,10,19,23,19.9,20
108,서울,2020-06-03 09:00,20.8,,.8,50,76,18.6,995.3,1005.2,.4,1.27,,7,7,Sc,6,19,24,19.9,20
108,서울,2020-06-03 10:00,22,,1.4,200,73,19.2,995.3,1005.1,.2,1.28,,8,8,Sc,7,19,27.6,20,19.9
108,서울,2020-06-03 11:00,23.1,,2.2,200,68,19.1,994.8,1004.5,.3,1.68,,7,7,Sc,8,4019,29.6,20.1,19.9
108,서울,2020-06-03 12:00,24.4,,2.6,250,58,17.6,994.5,1004.1,.6,2.41,,6,3,ScCi,10,40,36.1,20.4,19.9
108,서울,2020-06-03 13:00,26.1,,2.2,270,55,18.5,994,1003.6,1,3.64,,3,3,Sc,10,40,43.4,20.6,20
108,서울,2020-06-03 14:00,26.8,,2.7,250,50,17.5,992.9,1002.5,1,3.43,,1,1,Sc,10,40,45.6,21,20.1
108,서울,2020-06-03 15:00,27.9,,2.5,230,52,19.5,991.9,1001.4,1,3.1,,0,0,,,40,45.4,21.5,20.2
108,서울,2020-06-03 16:00,28.2,,2.8,250,48,18.3,991.4,1000.9,1,2.63,,0,0,,,40,43,22,20.5
108,서울,2020-06-03 17:00,28.1,,3.8,250,49,18.5,991.2,1000.7,1,1.89,,0,0,,,40,38.2,22.6,20.7
108,서울,2020-06-03 18:00,26.1,,4.5,290,60,20.2,991.6,1001.2,1,1.2,,0,0,,,40,31.6,23,21
108,서울,2020-06-03 19:00,23.8,,4.8,290,68,20,992.2,1001.9,.8,.53,,0,0,,,,25.5,23.3,21.3
108,서울,2020-06-03 20:00,21,,5.2,290,80,19.9,993,1002.8,0,.09,,6,1,,9,19,22,23.5,21.5
108,서울,2020-06-03 21:00,20.5,,3.1,270,81,19.5,993.4,1003.2,,,,8,8,Sc,9,19,21.5,23.5,21.7
108,서울,2020-06-03 22:00,20.4,,2.4,270,81,19.4,993.8,1003.7,,,,6,6,,4,19,20.9,23.4,21.9
108,서울,2020-06-03 23:00,20.1,,2.2,270,81,19,993.9,1003.8,,,,7,7,,5,19,20,23.3,21.9
108,서울,2020-06-04 00:00,20.1,,1.5,270,81,19,993.9,1003.8,,,,9,9,Sc,10,19,20.3,23.1,22
108,서울,2020-06-04 01:00,20,,2.2,250,83,19.4,993.7,1003.6,,,,7,7,,5,19,19.5,22.9,21.9
108,서울,2020-06-04 02:00,20.1,,1,200,84,19.7,993.6,1003.5,,,,9,9,,4,19,19.8,22.7,21.9
108,서울,2020-06-04 03:00,20.4,0,2.6,250,86,20.5,993.2,1003.1,,,,10,10,St,7,1902,20.1,22.6,21.9
108,서울,2020-06-04 04:00,20.5,0,2,270,88,21.2,993.2,1003,,,,10,10,St,6,1902,20.3,22.4,21.8
108,서울,2020-06-04 05:00,20.3,0,2,270,91,21.6,993.4,1003.3,,,,10,10,St,4,1902,20.2,22.3,21.7
108,서울,2020-06-04 06:00,20.1,.1,3,250,91,21.3,993.3,1003.2,0,.02,,10,10,St,2,1902,20.2,22.1,21.7
108,서울,2020-06-04 07:00,20.1,,2.2,250,90,21.2,993.4,1003.3,0,.11,,10,10,St,5,19,20.6,22,21.6
108,서울,2020-06-04 08:00,20.1,.1,3.5,270,89,20.9,993.9,1003.8,0,.18,,10,10,St,3,1902,21,21.9,21.5
108,서울,2020-06-04 09:00,20.6,0,3.1,250,90,21.7,994,1003.8,0,.46,,10,10,St,2,1902,26.6,21.9,21.5
108,서울,2020-06-04 10:00,22.4,0,2.7,230,76,20.5,994.2,1003.9,.5,1.78,,8,8,Sc,6,1902,31.9,21.8,21.4
108,서울,2020-06-04 11:00,23.9,,2.8,230,68,20.1,994.1,1003.8,.6,2.25,,6,6,Sc,7,40,40,21.8,21.3
108,서울,2020-06-04 12:00,25,,3.1,250,63,19.9,993.6,1003.3,.8,3,,4,4,Sc,8,40,44.6,22,21.3
108,서울,2020-06-04 13:00,26,,3.1,250,60,20.1,993.4,1003,1,3.32,,1,1,Sc,10,40,48.1,22.2,21.4
108,서울,2020-06-04 14:00,26.4,,3.8,270,60,20.6,993,1002.6,1,3.26,,1,1,Sc,10,40,48.6,22.6,21.5
108,서울,2020-06-04 15:00,25.4,,4.2,270,66,21.3,993.4,1003.1,.5,2.16,,9,9,Sc,7,40,37.8,23.1,21.6
108,서울,2020-06-04 16:00,24.3,,3.6,320,70,21.2,993.7,1003.3,0,1.15,,9,9,Sc,6,40,34.7,23.5,21.8
108,서울,2020-06-04 17:00,23.2,,4.1,290,75,21.3,993.7,1003.4,.1,1.04,,9,9,Sc,5,40,31.3,23.9,21.9
108,서울,2020-06-04 18:00,22.8,,3.1,290,77,21.3,993.6,1003.3,.2,.73,,5,5,Sc,10,40,28.6,24.4,22.2
108,서울,2020-06-04 19:00,21.7,,3.3,290,80,20.6,994,1003.8,0,.27,,7,7,,,4019,25.2,24.1,22.4
108,서울,2020-06-04 20:00,21.4,,2.5,270,83,21,994.5,1004.3,0,.04,,9,9,,3,19,23.5,24.2,22.5
108,서울,2020-06-04 21:00,20.8,0,1.9,290,86,21,995.4,1005.3,,,,10,10,St,8,1902,22.6,24.1,22.6
108,서울,2020-06-04 22:00,20.3,0,1.6,290,89,21.2,996.3,1006.2,,,,10,10,St,2,1902,21.5,24,22.7
108,서울,2020-06-04 23:00,19.9,0,1.4,320,91,21,996.6,1006.5,,,,10,10,St,4,1902,20.9,23.9,22.7
108,서울,2020-06-05 00:00,19.7,0,2,290,90,20.6,996.6,1006.4,,,,9,9,,,1902,20.4,23.7,22.7
108,서울,2020-06-05 01:00,19.5,,1.4,320,90,20.4,996.7,1006.5,,,,6,5,,7,19,19.4,23.5,22.7
108,서울,2020-06-05 02:00,19.3,,1.6,290,90,20.1,996.7,1006.6,,,,1,1,,4,19,18.9,23.4,22.6
108,서울,2020-06-05 03:00,19.3,,1.6,290,90,20.1,996.8,1006.7,,,,9,9,St,3,19,18.9,23.2,22.5
108,서울,2020-06-05 04:00,18.9,,1.5,320,90,19.6,996.7,1006.6,,,,0,0,,,19,17.6,23,22.5
108,서울,2020-06-05 05:00,18.4,,1.3,270,92,19.4,996.8,1006.7,,,,5,5,Sc,8,19,17.2,22.8,22.4
108,서울,2020-06-05 06:00,18.7,,1.3,20,92,19.7,997.2,1007.1,0,.03,,10,10,St,6,19,19.2,22.7,22.3
108,서울,2020-06-05 07:00,19,,1.1,50,90,19.7,997.5,1007.4,0,.1,,10,10,St,6,19,20.2,22.5,22.2
108,서울,2020-06-05 08:00,19.9,,2.2,320,86,19.9,998,1007.9,.1,.52,,10,10,St,6,19,24.8,22.3,22.1
108,서울,2020-06-05 09:00,21,,1.5,270,77,19.1,998,1007.9,.2,1.23,,7,7,Sc,7,19,29.7,22.2,22
108,서울,2020-06-05 10:00,22.3,,1.3,290,71,19,998.2,1008,.6,1.92,,7,7,Sc,8,19,33.6,22.2,21.9
108,서울,2020-06-05 11:00,23.9,,2.5,270,67,19.7,997.7,1007.4,.8,2.43,,8,2,ScCi,9,4019,40.5,22.3,21.9
108,서울,2020-06-05 12:00,25.1,,2.2,250,60,19,997.4,1007.1,.8,2.61,,7,3,ScCi,10,40,43.7,22.5,21.8
108,서울,2020-06-05 13:00,26.3,,1.8,270,57,19.4,996.7,1006.4,.9,2.88,,8,1,ScCi,11,40,48.6,22.7,21.9
108,서울,2020-06-05 14:00,27.2,,2.8,320,50,17.9,996.4,1006,1,3,,4,1,ScCi,12,40,49.5,23.1,22
108,서울,2020-06-05 15:00,27.8,,3.2,340,48,17.8,996.1,1005.7,1,2.84,,3,0,Ci,,,48.7,23.5,22.1
108,서울,2020-06-05 16:00,28.5,,2.6,250,46,17.8,995.7,1005.3,1,2.57,,7,0,Ci,,,46.7,24,22.3
108,서울,2020-06-05 17:00,28.6,,2.1,290,46,17.9,995.8,1005.4,1,1.65,,7,0,Ci,,,40.1,24.4,22.5
108,서울,2020-06-05 18:00,27.9,,2.6,320,49,18.3,995.8,1005.4,1,1.04,,3,0,Ci,,,33.2,24.7,22.7
108,서울,2020-06-05 19:00,25.8,,3.3,290,60,19.9,996.6,1006.3,.4,.44,,7,0,,,,27.4,25,22.9
108,서울,2020-06-05 20:00,24.4,,2,320,64,19.5,997.4,1007.1,0,.1,,5,0,,,,23.7,25.1,23.1
108,서울,2020-06-05 21:00,23.1,,1.7,290,66,18.5,997.8,1007.5,,,,4,0,Ci,,,21.8,25.1,23.3
108,서울,2020-06-05 22:00,22.4,,1.4,250,72,19.4,998.2,1008,,,,5,0,,,,20.6,25,23.4
108,서울,2020-06-05 23:00,21.7,,2.1,290,72,18.6,998.4,1008.2,,,,1,0,,,,19.9,24.8,23.4
108,서울,2020-06-06 00:00,21.1,,.9,320,73,18.2,998.4,1008.3,,,,1,0,,,,19.1,24.6,23.4
108,서울,2020-06-06 01:00,20.7,,1.1,320,77,18.8,998.5,1008.4,,,,4,0,,,,18.7,24.3,23.4
108,서울,2020-06-06 02:00,20.3,,.9,50,80,19,998.4,1008.3,,,,3,0,,,,18.2,24.1,23.3
108,서울,2020-06-06 03:00,20.1,,1,70,80,18.8,998.4,1008.3,,,,2,0,Ci,,,17.8,23.9,23.2
108,서울,2020-06-06 04:00,19.7,,1.7,70,81,18.5,998.3,1008.1,,,,0,0,,,,17.5,23.6,23.1
108,서울,2020-06-06 05:00,19.4,,1.5,70,82,18.4,998.3,1008.2,,,,0,0,,,,17.3,23.4,23
108,서울,2020-06-06 06:00,19.2,,1.2,70,82,18.2,998.3,1008.2,0,.06,,1,1,Ac,35,,18.1,23.2,22.9
108,서울,2020-06-06 07:00,20.1,,1.8,90,79,18.5,998.5,1008.4,.2,.4,,2,2,Ac,35,,21.4,23,22.8
108,서울,2020-06-06 08:00,22,,2.1,90,70,18.4,998.7,1008.5,1,1.01,,0,0,,,,27.2,22.8,22.6
108,서울,2020-06-06 09:00,24,,2.3,90,65,19.4,998.5,1008.2,1,1.71,,0,0,,,,33.9,22.7,22.5
108,서울,2020-06-06 10:00,25.6,,2.4,140,58,19,998.6,1008.3,1,2.34,,6,0,Ci,,,40.4,22.7,22.4
108,서울,2020-06-06 11:00,26.1,,1.6,110,57,19.2,998.6,1008.3,.3,1.78,,8,0,Ci,,40,36.6,22.8,22.3
108,서울,2020-06-06 12:00,28.2,,2.4,90,50,19,998.1,1007.7,1,3.13,,8,0,Ci,,40,49.6,23,22.3
108,서울,2020-06-06 13:00,29.3,,1.8,110,47,19.1,997.6,1007.1,.9,3.09,,8,1,ScCi,10,,51.9,23.3,22.4
108,서울,2020-06-06 14:00,29.4,,2,160,45,18.4,997.3,1006.8,.5,2.45,,2,2,Sc,10,,47.5,23.7,22.4
108,서울,2020-06-06 15:00,30.5,,2.5,230,42,18.3,996.7,1006.2,.9,2.69,,2,2,Sc,10,,50.6,24.1,22.6
108,서울,2020-06-06 16:00,30.6,,1.8,320,41,17.9,996.4,1005.9,.6,2.17,,5,3,ScAc,15,,44.5,24.5,22.8
108,서울,2020-06-06 17:00,29.1,,3.8,290,52,20.9,996.6,1006.1,.2,1.07,,5,2,ScAc,15,40,37.1,24.9,23
108,서울,2020-06-06 18:00,28.1,,3.4,290,55,20.9,996.8,1006.4,1,.99,,0,0,,,40,33.3,25.2,23.2
108,서울,2020-06-06 19:00,27.1,,2.2,290,59,21,997.2,1006.8,0,.41,,2,0,,,40,28.3,25.4,23.4
108,서울,2020-06-06 20:00,26,,1.7,250,60,20.1,997.5,1007.2,0,.08,,2,2,,42,40,24.7,25.5,23.6
108,서울,2020-06-06 21:00,25.2,,2.6,290,62,19.7,998.2,1007.9,,,,1,1,Sc,10,40,23.2,25.5,23.7
108,서울,2020-06-06 22:00,24.8,,2,290,63,19.6,999,1008.8,,,,2,1,,21,40,22.6,25.4,23.8
108,서울,2020-06-06 23:00,23.4,,2.8,290,66,18.9,999.8,1009.5,,,,6,6,,10,40,21.9,25.2,23.8
108,서울,2020-06-07 00:00,21.4,,2.5,290,73,18.5,1000,1009.9,,,,4,2,ScAc,10,40,20.4,25,23.8
108,서울,2020-06-07 01:00,20.7,,2.6,270,75,18.3,1000.5,1010.4,,,,3,3,,11,40,20.3,24.8,23.8
108,서울,2020-06-07 02:00,20,,2.6,270,77,17.9,1000.8,1010.8,,,,2,2,,61,40,19.1,24.6,23.7
108,서울,2020-06-07 03:00,19.4,,1.4,320,78,17.5,1001.3,1011.2,,,,2,2,Sc,10,40,18.3,24.4,23.7
108,서울,2020-06-07 04:00,19.3,,1.4,290,78,17.4,1001.2,1011.1,,,,8,8,Sc,6,,19.2,24.2,23.6
108,서울,2020-06-07 05:00,19.4,,.6,230,76,17,1001.5,1011.4,,,,9,9,Sc,6,19,19.3,24,23.5
108,서울,2020-06-07 06:00,19.6,,1.8,270,78,17.7,1002.3,1012.2,0,.04,,9,9,Sc,6,19,19.9,23.8,23.4
108,서울,2020-06-07 07:00,19.6,,2.1,290,78,17.7,1002.6,1012.5,0,.2,,9,9,Sc,5,19,21.6,23.6,23.2
108,서울,2020-06-07 08:00,20.1,,1.9,230,78,18.3,1002.5,1012.5,0,.43,,9,9,Sc,5,19,24.1,23.4,23.1
108,서울,2020-06-07 09:00,20.9,,2,270,75,18.4,1003.1,1013,.1,.88,,8,8,Sc,6,19,27.8,23.3,23
108,서울,2020-06-07 10:00,22.4,,2.4,230,69,18.6,1002.8,1012.6,.3,1.57,,8,8,Sc,7,19,37.5,23.2,22.9
108,서울,2020-06-07 11:00,24.4,,2.9,180,62,18.9,1002.4,1012.1,.9,3.09,,6,6,Sc,9,19,47.1,23.2,22.8
108,서울,2020-06-07 12:00,24.8,,2.3,230,61,19,1002.3,1012.1,1,3.52,,5,5,Sc,10,,52.1,23.4,22.8
108,서울,2020-06-07 13:00,26.1,,2.4,180,56,18.9,1001.5,1011.2,1,3.51,,2,0,Ci,,,54.4,23.7,22.8
108,서울,2020-06-07 14:00,27.4,,1.7,180,50,18.2,1001.1,1010.8,1,3.4,,2,0,Ci,,,54.5,24.1,22.9
108,서울,2020-06-07 15:00,28.4,,3,230,45,17.4,1000.5,1010.1,1,3.14,,0,0,,,,53.1,24.5,23
108,서울,2020-06-07 16:00,28.9,,3.2,290,49,19.5,1000.3,1009.9,1,2.59,,2,0,Ci,,,48.6,25,23.2
108,서울,2020-06-07 17:00,28,,3.6,320,52,19.6,1000.3,1009.9,1,1.93,,3,0,Ci,,,41.9,25.4,23.4
108,서울,2020-06-07 18:00,25.7,,4.3,320,62,20.4,1000.7,1010.4,1,1.14,,2,0,Ci,,40,33.3,25.8,23.7
108,서울,2020-06-07 19:00,24.5,,3.3,320,67,20.5,1000.9,1010.6,.9,.49,,0,0,,,40,27,26,23.9
108,서울,2020-06-07 20:00,23,,2.2,290,72,20.1,1001.4,1011.2,0,.11,,0,0,,,40,23.1,26,24.1
108,서울,2020-06-07 21:00,22.3,,2.1,270,75,20.1,1001.9,1011.7,,,,0,0,,,40,21.5,26,24.2
108,서울,2020-06-07 22:00,21.6,,2.2,290,77,19.7,1002.7,1012.6,,,,0,0,,,40,20.6,25.9,24.3
108,서울,2020-06-07 23:00,21,,1.6,320,80,19.9,1003,1012.9,,,,0,0,,,4019,19.9,25.7,24.3
108,서울,2020-06-08 00:00,20.6,,2,290,81,19.6,1003.3,1013.2,,,,0,0,,,19,19.4,25.4,24.3
108,서울,2020-06-08 01:00,19.9,,2.6,290,85,19.6,1003.7,1013.7,,,,6,0,,,19,19,25.2,24.3
108,서울,2020-06-08 02:00,19.8,,1.1,250,85,19.5,1004.1,1014.1,,,,7,7,,3,19,20.7,25,24.2
108,서울,2020-06-08 03:00,19.8,,1.1,360,86,19.7,1004.1,1014.1,,,,10,10,St,3,19,20.9,24.7,24.1
108,서울,2020-06-08 04:00,20,,.9,200,86,20,1004.4,1014.4,,,,10,10,St,3,19,21.1,24.5,24
108,서울,2020-06-08 05:00,20.1,,.7,20,86,20.1,1004.7,1014.7,,,,10,10,St,4,19,21,24.3,23.9
108,서울,2020-06-08 06:00,20.3,,1.2,50,85,20.1,1005.1,1015.1,0,.03,,10,10,St,4,19,21.4,24.2,23.8
108,서울,2020-06-08 07:00,21,,1.2,90,84,20.8,1005.2,1015.1,.2,.28,,5,5,Sc,6,19,24.7,24,23.6
108,서울,2020-06-08 08:00,22.5,,1.2,90,77,20.9,1005.3,1015.2,.9,1.05,,3,3,Sc,8,19,29.9,23.9,23.5
108,서울,2020-06-08 09:00,23.6,,2,70,73,21.2,1005.1,1014.9,.4,1.2,,1,1,Sc,10,19,31.9,23.8,23.5
108,서울,2020-06-08 10:00,25.5,,1.4,200,65,21.2,1005,1014.8,1,2.29,,1,1,Sc,8,4019,43.7,23.8,23.4
108,서울,2020-06-08 11:00,26.8,,1.5,320,58,20.4,1004.7,1014.4,1,2.78,,0,0,,,40,49.5,23.9,23.3
108,서울,2020-06-08 12:00,28.9,,2.1,270,49,19.5,1004.5,1014.1,1,3.17,,3,0,Ci,,,54.1,24.1,23.3
108,서울,2020-06-08 13:00,29.8,,2.8,270,46,19.2,1004,1013.6,1,3.28,,0,0,,,,56.2,24.4,23.4
108,서울,2020-06-08 14:00,30.6,,2.9,270,44,19.2,1003.5,1013.1,1,3.25,,0,0,,,,56.4,24.8,23.5
108,서울,2020-06-08 15:00,31.2,,2.2,290,41,18.5,1003.1,1012.7,1,2.95,,0,0,,,,54.9,25.3,23.6
108,서울,2020-06-08 16:00,31.6,,2.8,290,43,19.9,1003.2,1012.8,1,2.38,,0,0,,,,49.7,25.7,23.8
108,서울,2020-06-08 17:00,30.7,,3.8,290,45,19.7,1003.4,1013,1,1.78,,0,0,,,,43.1,26.1,24
108,서울,2020-06-08 18:00,28.5,,5.1,290,53,20.5,1003.8,1013.4,1,1.13,,0,0,,,,35.2,26.4,24.3
108,서울,2020-06-08 19:00,26.4,,3.8,290,57,19.5,1004.5,1014.2,.8,.46,,0,0,,,,28.6,26.6,24.5
108,서울,2020-06-08 20:00,25.4,,3.8,290,63,20.4,1004.9,1014.7,0,.1,,1,0,,,,25.1,26.7,24.7
108,서울,2020-06-08 21:00,24.4,,2.6,360,60,18.3,1005.4,1015.1,,,,0,0,,,,23,26.7,24.8
108,서울,2020-06-08 22:00,23.8,,2,290,60,17.6,1006.1,1015.9,,,,0,0,,,,21.8,26.5,24.9
108,서울,2020-06-08 23:00,23.4,,.6,320,60,17.2,1006.4,1016.2,,,,0,0,,,,20.9,26.3,24.9
108,서울,2020-06-09 00:00,22.9,,1.4,70,62,17.3,1005.8,1015.6,,,,0,0,,,,20.2,26.1,24.9
108,서울,2020-06-09 01:00,22.5,,.9,20,63,17,1005.4,1015.3,,,,0,0,,,,19.5,25.9,24.9
108,서울,2020-06-09 02:00,22,,1.6,320,65,17.2,1005.3,1015.2,,,,0,0,,,,19.1,25.6,24.8
108,서울,2020-06-09 03:00,21.4,,1.3,290,67,17,1005,1014.9,,,,0,0,,,,18.5,25.4,24.7
108,서울,2020-06-09 04:00,20.9,,2.2,320,70,17.3,1005.6,1015.5,,,,0,0,,,,18.2,25.2,24.6
108,서울,2020-06-09 05:00,20.5,,1.5,320,71,17,1005.7,1015.7,,,,0,0,,,,17.9,24.9,24.5
108,서울,2020-06-09 06:00,20.4,,1.5,50,73,17.4,1005.9,1015.9,0,.07,,2,0,Ci,,,18.8,24.7,24.3
108,서울,2020-06-09 07:00,21.4,,1.8,90,71,18.1,1005.7,1015.6,1,.48,,1,0,Ci,,,23.3,24.5,24.2
108,서울,2020-06-09 08:00,23.9,,1.1,110,64,18.9,1005.8,1015.6,1,1.21,,1,0,Ci,,,32,24.3,24.1
108,서울,2020-06-09 09:00,25.8,,1.8,70,58,19.2,1005.7,1015.5,1,1.81,,1,0,Ci,,,39.6,24.2,23.9
108,서울,2020-06-09 10:00,27.7,,1.2,250,50,18.5,1005.2,1014.9,1,2.43,,2,0,Ci,,,47.3,24.1,23.8
108,서울,2020-06-09 11:00,29.5,,3.1,320,40,16.4,1004.8,1014.4,1,3.05,,1,0,Ci,,,53.1,24.2,23.7
108,서울,2020-06-09 12:00,31.1,,1.8,340,40,18.1,1004.3,1013.9,1,3.4,,3,0,Ci,,,58.5,24.4,23.7
108,서울,2020-06-09 13:00,31.9,,3.4,290,38,17.9,1003.9,1013.5,1,3.19,,4,0,Ci,,,58.1,24.8,23.7
108,서울,2020-06-09 14:00,32.6,,3.7,320,36,17.6,1003.5,1013,1,3.5,,3,0,Ci,,,58.7,25.2,23.9
108,서울,2020-06-09 15:00,32.7,,3,340,38,18.8,1003.1,1012.6,1,3,,3,0,Ci,,,54,25.7,24
108,서울,2020-06-09 16:00,32.5,,3.5,290,41,20,1003,1012.5,.9,2.35,,5,0,Ci,,,50.3,26.1,24.2
108,서울,2020-06-09 17:00,31.9,,3.6,320,38,17.9,1002.8,1012.3,1,2,,2,0,Ci,,,45.7,26.4,24.4
108,서울,2020-06-09 18:00,31.2,,3,320,36,16.3,1002.8,1012.4,1,1.28,,3,0,Ci,,,37.2,26.7,24.7
108,서울,2020-06-09 19:00,30,,3.2,320,36,15.2,1002.9,1012.5,.9,.49,,5,0,,,,30.3,26.9,24.9
108,서울,2020-06-09 20:00,28.2,,3.5,290,46,17.5,1003.1,1012.7,.1,.1,,5,0,,,,26.1,27,25
108,서울,2020-06-09 21:00,26.6,,2.3,290,49,17,1003.5,1013.2,,,,7,0,Ci,,,24.3,27,25.2
108,서울,2020-06-09 22:00,25.7,,1.4,270,52,17,1003.8,1013.6,,,,6,0,,,,22.7,26.9,25.2
108,서울,2020-06-09 23:00,25.2,,2.3,290,53,16.9,1003.8,1013.6,,,,4,0,,,,22.1,26.7,25.3
108,서울,2020-06-10 00:00,24.6,,1.6,290,52,16,1003.7,1013.4,,,,5,0,Ci,,,21.7,26.5,25.3
108,서울,2020-06-10 01:00,24.3,,1.2,320,54,16.3,1003.3,1013,,,,7,,,,,21.3,26.3,25.2
108,서울,2020-06-10 02:00,23.9,,.6,290,55,16.3,1003.2,1013,,,,9,0,,,,21.2,26.1,25.1
108,서울,2020-06-10 03:00,23.6,,1.7,320,57,16.5,1002.9,1012.7,,,,9,0,Ci,,,21.2,25.8,25
108,서울,2020-06-10 04:00,23.2,,1.7,290,57,16.2,1002.8,1012.6,,,,8,0,Ci,,,20.6,25.6,25
108,서울,2020-06-10 05:00,22.8,,.5,320,59,16.3,1002.6,1012.4,,,,7,0,Ci,,,19.7,25.4,24.9
108,서울,2020-06-10 06:00,22.5,,1.4,70,61,16.5,1002.3,1012.1,0,.06,,9,4,AcCi,32,,21.5,25.2,24.7
108,서울,2020-06-10 07:00,23.4,,2.5,70,64,18.3,1002.1,1011.9,.2,.37,,6,0,Ci,,,25.9,25,24.6
108,서울,2020-06-10 08:00,24.9,,1.6,90,58,18.2,1001.6,1011.4,.7,.87,,9,0,Ci,,,30.1,24.9,24.5
108,서울,2020-06-10 09:00,26.6,,2.1,70,54,18.8,1001.2,1010.9,.5,1.16,,8,0,Ci,,,36.7,24.8,24.4
108,서울,2020-06-10 10:00,29,,1.1,90,48,19.1,1000.9,1010.5,.9,2.26,,8,3,AcCi,33,,47,24.8,24.3
108,서울,2020-06-10 11:00,30.3,,2.5,200,44,18.9,1000.3,1009.9,.8,2.56,,7,3,AcCi,33,,52.8,24.8,24.2
108,서울,2020-06-10 12:00,31,,3.2,230,42,18.8,999.7,1009.2,.7,2.86,,8,2,ScAcCi,19,,51.6,25,24.2
108,서울,2020-06-10 13:00,31.1,,2.6,230,44,19.9,998.6,1008.1,.4,2.39,,9,5,ScAc,15,,47.7,25.3,24.3
108,서울,2020-06-10 14:00,31.9,,2.5,250,42,19.7,997.8,1007.3,.4,2.27,,8,3,ScAc,15,,52.3,25.6,24.3
108,서울,2020-06-10 15:00,31.9,,2.7,290,45,21.2,996.9,1006.4,.3,1.85,,8,4,AcCi,33,,50.6,26,24.5
108,서울,2020-06-10 16:00,30.5,,3,320,50,21.7,996.5,1006,.3,1.45,,9,0,Ci,,,39.6,26.3,24.6
108,서울,2020-06-10 17:00,28.7,,3.4,320,55,21.6,996.1,1005.7,0,.53,,10,10,As,30,,32.3,26.5,24.8
108,서울,2020-06-10 18:00,25.1,0,5.8,360,74,23.5,995.8,1005.5,0,.15,,10,7,ScAs,10,01,24.2,26.7,24.9
108,서울,2020-06-10 19:00,24.6,0,2.6,340,77,23.7,996.2,1005.8,0,.06,,10,8,StNs,9,01,23.2,26.7,25.1
108,서울,2020-06-10 20:00,23.7,1,2.8,290,83,24.3,997,1006.7,0,.01,,10,7,StNs,7,1901,22.7,26.6,25.2
108,서울,2020-06-10 21:00,22.8,2.4,2,290,88,24.4,997.2,1007,,,,10,4,StNs,6,1901,22.6,26.5,25.2
108,서울,2020-06-10 22:00,22.6,2.4,.2,0,88,24.1,997,1006.8,,,,10,6,StNs,8,1901,22.7,26.3,25.2
108,서울,2020-06-10 23:00,22.6,.2,.9,290,89,24.3,996.9,1006.7,,,,10,6,StNs,6,1901,22.7,26.1,25.2
108,서울,2020-06-11 00:00,22.5,.2,.9,50,89,24.1,995.5,1005.3,,,,10,4,StNs,,1901,22.5,25.9,25.1
108,서울,2020-06-11 01:00,22.4,0,2,340,91,24.6,995.5,1005.3,,,,10,4,ScAs,10,1901,22.2,25.7,25
108,서울,2020-06-11 02:00,22.1,,1.5,360,90,23.8,995.4,1005.2,,,,6,4,,3,19,22,25.5,24.9
108,서울,2020-06-11 03:00,22.2,,1.4,50,90,24,994.9,1004.7,,,,10,4,ScAs,8,19,22.1,25.3,24.8
108,서울,2020-06-11 04:00,22.1,,1.1,90,90,23.8,994.4,1004.2,,,,8,8,Sc,10,19,21.9,25.2,24.7
108,서울,2020-06-11 05:00,21.8,,1.3,70,89,23.1,994.6,1004.4,,,,10,6,ScAs,13,19,21,25,24.6
108,서울,2020-06-11 06:00,21.9,,1.5,90,88,23.1,994.6,1004.4,0,.05,,6,6,Sc,12,19,21.8,24.9,24.5
108,서울,2020-06-11 07:00,22.4,,2,50,87,23.5,994.9,1004.7,0,.26,,8,8,Sc,12,,23.1,24.7,24.4
108,서울,2020-06-11 08:00,23.2,,1.2,90,83,23.5,994.8,1004.5,0,.51,,8,8,Sc,12,,24.9,24.6,24.3
108,서울,2020-06-11 09:00,24.2,,1.1,90,80,24.1,994.6,1004.3,0,.65,,8,8,Sc,12,,27.3,24.5,24.2
108,서울,2020-06-11 10:00,25.9,,1,140,72,24,994.2,1003.9,.4,1.82,,5,5,Sc,14,,34.3,24.5,24.2
108,서울,2020-06-11 11:00,27.2,,2.5,320,66,23.7,993.9,1003.5,.6,2.53,,3,3,Sc,10,,36.7,24.5,24.1
108,서울,2020-06-11 12:00,28.2,,3.5,360,61,23.2,993.5,1003,.9,3.29,,5,5,Sc,10,,37.2,24.7,24.1
108,서울,2020-06-11 13:00,29.2,,2.5,290,57,22.9,992.8,1002.3,1,3.72,,4,4,Sc,13,,40.4,25,24.1
108,서울,2020-06-11 14:00,30.2,,3,290,52,22.2,992.2,1001.7,1,3.45,,2,2,Sc,10,,45.1,25.3,24.2
108,서울,2020-06-11 15:00,31.2,,2.7,270,44,19.9,991.7,1001.2,1,3.27,,2,1,ScCi,10,,46.4,25.8,24.3
108,서울,2020-06-11 16:00,31.3,,3.6,340,44,20,991.6,1001.1,1,2.73,,2,0,Ci,,,44.7,26.2,24.5
108,서울,2020-06-11 17:00,31.4,,3.2,320,44,20.1,991.3,1000.8,1,2.12,,1,0,Ci,,,41.4,26.6,24.7
108,서울,2020-06-11 18:00,30.5,,3.2,340,45,19.6,991.5,1001,1,1.24,,6,2,AcCi,35,,34.7,27,25
108,서울,2020-06-11 19:00,29.1,,2.3,320,49,19.6,992.4,1001.9,.1,.31,,7,4,,69,,29.1,27.2,25.2
108,서울,2020-06-11 20:00,27.7,,3.7,290,63,23.4,993.2,1002.8,0,.08,,8,8,,72,,26.6,27.3,25.4
108,서울,2020-06-11 21:00,26,,4.2,290,65,21.8,994.4,1004.1,,,,2,2,Ac,38,,24.5,27.2,25.5
108,서울,2020-06-11 22:00,25.1,,2.8,320,70,22.2,995,1004.7,,,,7,4,,73,,23.3,27.1,25.6
108,서울,2020-06-11 23:00,24.6,,1.6,270,72,22.2,994.7,1004.3,,,,10,8,,68,,23.1,26.9,25.6
108,서울,2020-06-12 00:00,24.3,,1.3,290,73,22.1,994.3,1003.9,,,,7,0,,,,22.5,26.7,25.6
108,서울,2020-06-12 01:00,23.7,,1.6,290,75,21.8,994.4,1004.1,,,,5,5,,66,,21.3,26.5,25.6
108,서울,2020-06-12 02:00,23.3,,1,290,76,21.7,994.1,1003.8,,,,3,3,,65,,20.4,26.3,25.5
108,서울,2020-06-12 03:00,22.7,,1.3,320,80,22,994.2,1003.9,,,,3,0,Ci,,,19.9,26,25.4
108,서울,2020-06-12 04:00,22.1,,1.7,320,82,21.7,994.4,1004.2,,,,4,0,Ci,,,19.4,25.8,25.3
108,서울,2020-06-12 05:00,21.7,,1.7,290,83,21.4,994.7,1004.5,,,,7,0,Ci,,,19.5,25.6,25.2
108,서울,2020-06-12 06:00,21.7,,.6,50,83,21.4,995,1004.8,0,.05,,9,0,Ci,,,20.1,25.3,25
108,서울,2020-06-12 07:00,22.2,,1.7,70,82,21.8,995.4,1005.2,.1,.39,,8,0,Ci,,,22.4,25.1,24.9
108,서울,2020-06-12 08:00,23.5,,1.8,50,79,22.8,995.5,1005.2,.1,.61,,9,0,Ci,,,26.2,24.9,24.8
108,서울,2020-06-12 09:00,25.1,,1.3,50,71,22.5,995.8,1005.5,.3,1.19,,9,0,Ci,,,29.3,24.8,24.6
108,서울,2020-06-12 10:00,26,,1.9,200,67,22.4,995.8,1005.5,0,1.08,,9,7,AcCi,45,,31.4,24.8,24.5
108,서울,2020-06-12 11:00,26.5,,1.7,250,56,19.4,995.7,1005.3,0,1.04,,9,4,AcCi,45,,31.8,24.8,24.5
108,서울,2020-06-12 12:00,26.8,,1.9,290,62,21.8,995.9,1005.5,0,1.01,,9,6,AcCi,45,,31.9,24.9,24.4
108,서울,2020-06-12 13:00,27.3,,2.1,290,51,18.4,995.4,1005,0,1.4,,9,6,AcCi,45,,36,25,24.4
108,서울,2020-06-12 14:00,27.4,,2.4,290,50,18.2,995,1004.6,0,1.17,,9,4,AcCi,45,,33.8,25.2,24.4
108,서울,2020-06-12 15:00,27.1,,2.6,320,58,20.8,995,1004.6,0,.97,,9,7,AcCi,45,40,31.2,25.3,24.5
108,서울,2020-06-12 16:00,27.4,,2.4,290,50,18.2,994.8,1004.4,0,.98,,9,3,AcCi,45,40,34.6,25.5,24.5
108,서울,2020-06-12 17:00,27,,2.4,290,52,18.4,994.7,1004.3,0,.78,,9,5,AcCi,45,,31.8,25.6,24.6
108,서울,2020-06-12 18:00,26.8,,1.9,320,55,19.2,994.6,1004.2,0,.61,,9,8,AcCi,45,,29.2,25.7,24.6
108,서울,2020-06-12 19:00,26.3,,1.9,320,58,19.7,995,1004.6,0,.2,,10,7,,14,,26.5,25.7,24.7
108,서울,2020-06-12 20:00,25.6,,2.2,290,63,20.6,995.2,1004.9,0,.03,,10,2,,47,,24.4,25.7,24.7
108,서울,2020-06-12 21:00,24.6,,2.1,340,69,21.3,995.2,1004.8,,,,9,0,Ci,,,22.9,25.7,24.8
108,서울,2020-06-12 22:00,24.1,,1.8,290,71,21.3,995.4,1005.1,,,,10,9,,64,,22.4,25.6,24.8
108,서울,2020-06-12 23:00,23.5,,1.8,290,72,20.8,995.2,1004.9,,,,10,9,,66,,21.7,25.4,24.7
108,서울,2020-06-13 00:00,23,,.9,340,71,19.9,995.2,1004.9,,,,8,8,,,,20.8,25.3,24.7
108,서울,2020-06-13 01:00,22.5,,.5,20,72,19.5,994.8,1004.5,,,,8,4,,70,,20.3,25.1,24.6
108,서울,2020-06-13 02:00,22.4,,.9,20,67,18.1,994.5,1004.3,,,,10,2,,,,20,25,24.6
108,서울,2020-06-13 03:00,21.7,,.9,90,69,17.8,994.2,1004,,,,7,7,Ac,40,,19.3,24.8,24.5
108,서울,2020-06-13 04:00,21.4,,.3,0,72,18.3,994.2,1004,,,,6,6,Ac,36,,18.8,24.6,24.4
108,서울,2020-06-13 05:00,21,,1.2,290,76,18.9,995,1004.8,,,,3,3,Ac,38,,18.2,24.4,24.3
108,서울,2020-06-13 06:00,20.7,,.5,70,77,18.8,995.6,1005.5,0,.06,,6,6,Ac,38,,19,24.3,24.2
108,서울,2020-06-13 07:00,21.5,,1.4,70,76,19.4,995.9,1005.7,.1,.46,,6,6,Ac,40,,22.4,24.1,24.1
108,서울,2020-06-13 08:00,23.7,,2.2,70,68,19.9,995.8,1005.5,.7,1.11,,4,0,Ci,,,29.4,23.9,24
108,서울,2020-06-13 09:00,25.6,,1.7,90,59,19.2,996.1,1005.8,1,1.88,,4,0,Ci,,,36,23.9,23.8
108,서울,2020-06-13 10:00,27.5,,1.2,200,44,16.1,995.5,1005.1,1,2.57,,1,0,Ci,,,44.6,23.9,23.8
108,서울,2020-06-13 11:00,29.1,,1.8,340,34,13.7,995.4,1004.9,1,3.18,,1,0,Ci,,,50.8,24,23.7
108,서울,2020-06-13 12:00,30.7,,1.6,230,34,15,994.8,1004.3,1,3.47,,1,0,Ci,,,55.5,24.3,23.7
108,서울,2020-06-13 13:00,31.9,,1.8,230,29,13.7,994.8,1004.3,1,3.64,,1,0,Ci,,,58.2,24.8,23.8
108,서울,2020-06-13 14:00,32.7,,2,270,29,14.3,994,1003.4,1,3.55,,0,0,,,,58.7,25.3,23.9
108,서울,2020-06-13 15:00,33.1,,3.7,230,33,16.6,992.5,1001.9,1,3.17,,0,0,,,,56.2,25.8,24.1
108,서울,2020-06-13 16:00,33,,2.9,290,38,19,992.5,1001.9,1,2.56,,5,3,ScCi,10,,50.5,26.4,24.4
108,서울,2020-06-13 17:00,32,,3,320,42,19.9,992.6,1002,.8,1.6,,6,4,ScCi,10,,42.2,26.8,24.7
108,서울,2020-06-13 18:00,30.7,,2.7,320,46,20.2,992.9,1002.4,.1,.58,,8,5,ScCi,10,,34.7,27.2,24.9
108,서울,2020-06-13 19:00,29.7,,3,320,51,21.2,993.6,1003.1,0,.23,,8,2,,20,,31,27.4,25.2
108,서울,2020-06-13 20:00,28.1,,4.3,290,50,18.9,994.1,1003.7,0,.05,,9,3,,16,,28.2,27.5,25.4
108,서울,2020-06-13 21:00,27.2,,3.4,290,45,16.2,994.3,1003.9,,,,9,9,Sc,16,,27,27.4,25.6
108,서울,2020-06-13 22:00,26.5,0,3.5,290,46,15.9,994.7,1004.3,,,,10,7,ScAs,9,01,26.3,27.3,25.7
108,서울,2020-06-13 23:00,26,0,.7,340,52,17.4,994.3,1004,,,,8,8,Sc,8,01,25.4,27.2,25.7
108,서울,2020-06-14 00:00,25.6,,1.5,50,59,19.2,993.8,1003.5,,,,9,9,Sc,8,,25.1,27,25.7
108,서울,2020-06-14 01:00,25.1,0,2.4,200,68,21.6,993.7,1003.4,,,,9,9,Sc,9,01,24.3,26.8,25.7
108,서울,2020-06-14 02:00,23.8,0,.9,230,73,21.4,993.5,1003.2,,,,10,8,ScAs,6,1901,22.9,26.6,25.6
108,서울,2020-06-14 03:00,22.6,.3,2.4,290,87,23.8,993.5,1003.2,,,,10,10,St,2,190201,22.3,26.5,25.6
108,서울,2020-06-14 04:00,22.1,.8,1.5,320,89,23.5,993.1,1002.9,,,,10,10,St,2,1902,22.2,26.3,25.5
108,서울,2020-06-14 05:00,22.2,0,2,320,89,23.7,993.2,1003,,,,10,10,St,3,1902,22.2,26.1,25.4
108,서울,2020-06-14 06:00,22.1,,1.4,320,88,23.4,993.2,1003,0,.02,,9,9,Sc,6,19,22.3,25.9,25.3
108,서울,2020-06-14 07:00,22.4,,1.6,290,84,22.7,992.8,1002.5,.1,.27,,7,2,ScAc,13,19,24.7,25.7,25.2
108,서울,2020-06-14 08:00,22.7,,2.2,250,79,21.7,993.2,1002.9,0,.55,,8,3,ScAc,13,19,25,25.6,25.1
108,서울,2020-06-14 09:00,23.2,,2.1,290,76,21.6,993.9,1003.6,0,.67,,10,6,ScAs,16,19,25,25.5,25
108,서울,2020-06-14 10:00,23.4,,2.1,270,70,20.1,993.5,1003.2,0,.52,,9,3,ScAcCi,16,4019,25.1,25.4,25
108,서울,2020-06-14 11:00,24.3,,2.6,250,67,20.2,993.7,1003.3,0,.89,,8,7,AcCi,40,40,31.2,25.3,24.9
108,서울,2020-06-14 12:00,26.4,,3.2,250,52,17.8,993.8,1003.4,.8,2.86,,4,0,Cc,,40,43.9,25.3,24.8
108,서울,2020-06-14 13:00,27.9,,4.1,290,43,16.1,993.5,1003.1,1,3.41,,1,0,Ci,,,48.5,25.3,24.8
108,서울,2020-06-14 14:00,28.2,,4.5,290,45,17.2,993.3,1002.8,1,3.41,,1,1,Ac,30,,50.3,25.5,24.8
108,서울,2020-06-14 15:00,28.5,,4.5,290,48,18.6,993.4,1002.9,1,3.1,,1,1,Sc,10,,49.7,25.9,24.8
108,서울,2020-06-14 16:00,28.6,,4.3,270,48,18.8,993.2,1002.7,1,2.61,,0,0,,,,46.4,26.2,24.9
108,서울,2020-06-14 17:00,28.5,,4.5,270,53,20.5,993.1,1002.6,1,2.09,,2,1,ScCi,10,,42.7,26.6,25.1
108,서울,2020-06-14 18:00,26.9,,4,270,59,20.9,993.7,1003.3,.9,1.28,,1,1,Sc,10,,35.7,26.8,25.2
108,서울,2020-06-14 19:00,24.9,,4.4,290,66,20.8,994.6,1004.3,1,.7,,0,0,,,,27.3,27,25.4
108,서울,2020-06-14 20:00,23,,4.1,270,72,20.1,995.1,1004.8,.3,.14,,1,0,,,,23.5,27.1,25.5
108,서울,2020-06-14 21:00,22.2,,2.9,270,74,19.7,995.7,1005.5,,,,0,0,,,,21.5,27.1,25.6
108,서울,2020-06-14 22:00,21.4,,3,250,76,19.2,996.3,1006.1,,,,0,0,,,,20.3,26.9,25.7
108,서울,2020-06-14 23:00,20.8,,2.2,250,78,19.1,997,1006.9,,,,0,0,,,,19.4,26.7,25.7
108,서울,2020-06-15 00:00,20.1,,2.4,270,81,19,997.2,1007.1,,,,0,0,,,,18.7,26.5,25.6
108,서울,2020-06-15 01:00,19.7,,.8,270,82,18.8,997.3,1007.1,,,,0,0,,,19,17.9,26.2,25.6
108,서울,2020-06-15 02:00,19.3,,.7,290,82,18.3,997,1006.9,,,,0,0,,,19,17.2,26,25.5
108,서울,2020-06-15 03:00,19.1,,1.6,290,84,18.5,997.1,1007,,,,0,0,,,19,17,25.7,25.4
108,서울,2020-06-15 04:00,18.8,,1.4,290,84,18.2,997.2,1007.1,,,,0,0,,,19,16.6,25.4,25.2
108,서울,2020-06-15 05:00,18.3,,1.6,270,85,17.8,997.6,1007.5,,,,2,0,Ci,,,16.3,25.2,25.1
108,서울,2020-06-15 06:00,18.2,,.9,250,85,17.7,997.9,1007.8,0,.08,,6,0,Ci,,,17.3,24.9,24.9
108,서울,2020-06-15 07:00,19.1,,.8,200,83,18.3,997.8,1007.7,.7,.47,,8,0,Ci,,,22.2,24.7,24.4
108,서울,2020-06-15 08:00,20.2,,.7,270,78,18.4,998,1007.9,.2,.7,,7,0,Ci,,,26.2,24.5,24.6
108,서울,2020-06-15 09:00,21.9,,1.4,200,72,18.9,997.7,1007.5,.5,1.39,,7,0,Ci,,,32,24.4,24.5
108,서울,2020-06-15 10:00,23.6,,3.1,250,65,18.9,997.1,1006.8,.9,2.15,,6,0,Ci,,,42.2,24.3,24.4
108,서울,2020-06-15 11:00,25.5,,2.8,250,56,18.2,996.7,1006.4,1,2.98,,5,0,Ci,,,47.9,24.4,24.3
108,서울,2020-06-15 12:00,26.5,,3.1,270,55,19,996.1,1005.7,1,2.64,,7,0,Ci,,,47.8,24.6,24.2
108,서울,2020-06-15 13:00,27,,4.6,230,48,17,995.9,1005.5,1,3.32,,6,0,Ci,,,53.3,24.9,24.3
108,서울,2020-06-15 14:00,27.7,,4.6,270,39,14.4,995.2,1004.8,1,3.31,,6,0,Ci,,,54,25.2,24.3
108,서울,2020-06-15 15:00,28.6,,3.7,250,35,13.7,995.1,1004.6,1,3.24,,3,0,Ci,,,52.1,25.6,24.4
108,서울,2020-06-15 16:00,27.3,,4.2,290,34,12.3,994.8,1004.4,1,2.54,,6,0,Ci,,,44.8,26,24.6
108,서울,2020-06-15 17:00,26.8,,3.9,250,33,11.6,994.7,1004.3,.9,1.92,,7,0,Ci,,,39,26.4,24.8
108,서울,2020-06-15 18:00,26,,4,290,37,12.4,995,1004.7,.8,1.22,,8,0,Ci,,,32.3,26.6,25
108,서울,2020-06-15 19:00,24.4,,4.2,270,46,14,995.1,1004.7,.1,.46,,8,0,,,,27.1,26.8,25.2
108,서울,2020-06-15 20:00,23.5,,3.1,270,47,13.6,995.4,1005.1,0,.11,,8,0,,,,22.9,26.8,25.3
108,서울,2020-06-15 21:00,22.6,,3.5,270,52,14.2,995.8,1005.6,,,,8,0,Ci,,,23.2,26.8,25.4
108,서울,2020-06-15 22:00,21.4,,4.1,270,69,17.5,996.3,1006.1,,,,8,0,,,,21.9,26.6,25.5
108,서울,2020-06-15 23:00,21,,3.2,270,78,19.4,996.5,1006.4,,,,6,4,,5,,21.9,26.4,25.5
108,서울,2020-06-16 00:00,21.1,,2.9,270,78,19.5,996.4,1006.2,,,,9,9,,,,22.5,26.2,25.4
108,서울,2020-06-16 01:00,20.8,,2.8,250,78,19.1,996.4,1006.3,,,,7,7,,5,19,22.2,26,25.4
108,서울,2020-06-16 02:00,20.5,,2.5,270,78,18.8,996.3,1006.2,,,,9,9,,5,19,21.9,25.8,25.3
108,서울,2020-06-16 03:00,20.1,,2.5,250,79,18.5,996.1,1006,,,,9,9,St,5,19,21.6,25.6,25.2
108,서울,2020-06-16 04:00,20.1,,1.2,270,79,18.5,995.8,1005.7,,,,9,9,St,5,19,21.6,25.4,25.1
108,서울,2020-06-16 05:00,20,,2.3,230,78,18.2,996.2,1006.1,,,,9,9,St,6,19,21,25.3,25
108,서울,2020-06-16 06:00,20.1,,.4,0,79,18.5,996.6,1006.5,0,.02,,9,9,St,6,19,21.5,25.1,24.9
108,서울,2020-06-16 07:00,20.4,,1.3,230,77,18.4,997,1006.9,0,.12,,9,9,St,6,19,22.4,25,24.8
108,서울,2020-06-16 08:00,21.1,,2,250,73,18.2,996.9,1006.7,0,.51,,8,8,Sc,7,19,25.2,24.8,24.7
108,서울,2020-06-16 09:00,22.4,,2,180,69,18.6,996.5,1006.3,.3,1.01,,6,2,ScCi,10,4019,30.7,24.7,24.6
108,서울,2020-06-16 10:00,23.4,,2,250,63,18.1,996.7,1006.4,.6,1.73,,6,2,ScCi,10,40,33.2,24.7,24.5
108,서울,2020-06-16 11:00,25.4,,2.2,340,55,17.7,996.4,1006.1,1,3.02,,4,4,Sc,10,40,45.8,24.7,24.5
108,서울,2020-06-16 12:00,27.2,,1.9,200,50,17.9,996.1,1005.7,.8,3.07,,3,3,Sc,13,40,48.4,24.9,24.4
108,서울,2020-06-16 13:00,28.5,,2,270,47,18.2,995.7,1005.3,.8,3.12,,3,3,Sc,10,40,50.5,25.1,24.4
108,서울,2020-06-16 14:00,29.5,,2.5,270,43,17.6,995.1,1004.6,1,3.58,,3,0,Ci,,40,53.1,25.5,24.5
108,서울,2020-06-16 15:00,30.4,,2,320,39,16.8,994.2,1003.7,1,3.13,,4,1,ScCi,10,,51.6,25.9,24.6
108,서울,2020-06-16 16:00,30.4,,2.2,320,39,16.8,993.9,1003.4,1,2.52,,5,0,Ci,,,46.8,26.3,24.8
108,서울,2020-06-16 17:00,29.6,,3.7,290,49,20.2,994.2,1003.7,1,1.78,,4,0,Ci,,40,40.7,26.7,25
108,서울,2020-06-16 18:00,28,,3,290,53,20,994.5,1004.1,0,.73,,8,0,Ci,,40,33.8,27,25.2
108,서울,2020-06-16 19:00,26.8,,3.2,290,56,19.6,995,1004.6,0,.32,,9,4,,26,40,29.7,27.2,25.4
108,서울,2020-06-16 20:00,25.9,,2.4,290,57,19,995.7,1005.4,0,.08,,8,1,,61,40,26.6,27.3,25.6
108,서울,2020-06-16 21:00,24.9,,1.9,290,63,19.7,996,1005.7,,,,9,0,Ci,,40,24.9,27.3,25.7
108,서울,2020-06-16 22:00,23.9,,2,290,67,19.7,996.3,1006,,,,7,0,,,40,23.5,27.2,25.8
108,서울,2020-06-16 23:00,22.8,,1.7,320,68,18.8,996.3,1006,,,,1,0,,,40,21.7,27,25.8
108,서울,2020-06-17 00:00,22.2,,1.9,320,72,19.2,995.8,1005.6,,,,0,0,,,40,20.7,26.8,25.8
108,서울,2020-06-17 01:00,21.6,,1.3,20,72,18.5,995.6,1005.4,,,,7,0,,,40,20.1,26.6,25.8
108,서울,2020-06-17 02:00,21.4,,.8,340,73,18.5,995.8,1005.6,,,,7,0,,,40,19.8,26.4,25.7
108,서울,2020-06-17 03:00,20.9,,.4,0,74,18.2,995.6,1005.4,,,,0,0,,,40,19.1,26.1,25.6
108,서울,2020-06-17 04:00,20.7,,.3,0,76,18.5,995.8,1005.7,,,,0,0,,,40,18.9,25.9,25.5
108,서울,2020-06-17 05:00,20.4,,.7,20,77,18.4,996,1005.9,,,,3,0,Ci,,40,18.6,25.7,25.4
108,서울,2020-06-17 06:00,20.2,,1.2,70,79,18.6,996.1,1006,0,.1,,9,0,Ci,,40,20.2,25.5,25.2
108,서울,2020-06-17 07:00,21.6,,1,90,73,18.8,995.8,1005.6,.6,.51,,9,0,Ci,,40,23.8,25.2,25.1
108,서울,2020-06-17 08:00,23.5,,1.1,140,64,18.4,995.9,1005.6,.8,.99,,9,0,Ci,,40,28.9,25.1,25
108,서울,2020-06-17 09:00,24.7,,1.7,200,58,17.9,995.8,1005.4,.6,1.47,,8,0,Ci,,,32.9,25,24.9
108,서울,2020-06-17 10:00,25.8,,2.5,200,56,18.5,995.7,1005.4,.2,1.65,,9,0,Ci,,,35.7,24.9,24.8
108,서울,2020-06-17 11:00,26.3,,1.9,270,55,18.8,995.4,1005.1,0,1.44,,9,4,ScCi,12,,35.6,25,24.7
108,서울,2020-06-17 12:00,27.6,,2.3,250,50,18.4,995.2,1004.8,.2,1.88,,8,0,Ci,,,43,25.1,24.7
108,서울,2020-06-17 13:00,29.2,,2.8,230,41,16.5,994.8,1004.3,1,3.47,,7,0,Ci,,,52,25.3,24.7
108,서울,2020-06-17 14:00,29.9,,2.8,200,40,16.8,994.1,1003.6,1,3.42,,7,0,Ci,,,51.9,25.6,24.7
108,서울,2020-06-17 15:00,30.3,,2.9,250,44,18.9,993.8,1003.3,1,2.75,,7,0,Ci,,40,49,25.9,24.8
108,서울,2020-06-17 16:00,29,,2,250,48,19.1,994.1,1003.6,.4,1.5,,8,4,ScCi,13,40,39.4,26.3,24.9
108,서울,2020-06-17 17:00,27.6,,4.1,270,46,16.9,994.2,1003.8,.1,1.13,,8,0,Ci,,40,36.5,26.7,25.1
108,서울,2020-06-17 18:00,26.6,,3.4,270,44,15.3,994.4,1004,0,.58,,9,0,Ci,,,31.4,26.9,25.3
108,서울,2020-06-17 19:00,25.3,,3.8,290,53,17,994.8,1004.5,0,.3,,9,6,,71,,28,27,25.5
108,서울,2020-06-17 20:00,24.1,,2.9,290,57,17,995.4,1005.1,0,.06,,10,9,,71,,25.1,27,25.7
108,서울,2020-06-17 21:00,22.8,,3,290,59,16.3,995.8,1005.5,,,,9,0,Ci,,,23.5,26.9,25.6
108,서울,2020-06-17 22:00,22.1,,2.1,320,63,16.7,995.8,1005.6,,,,10,9,,70,,22.5,26.8,25.7
108,서울,2020-06-17 23:00,21.7,,2,290,62,16,995.9,1005.7,,,,10,9,,67,,21.6,26.7,25.7
108,서울,2020-06-18 00:00,21.5,,1.9,290,61,15.6,995.7,1005.5,,,,9,0,,,,21.2,26.5,25.7
108,서울,2020-06-18 01:00,21.1,,2,20,64,16,995.4,1005.2,,,,10,9,,63,,20.9,26.3,25.6
108,서울,2020-06-18 02:00,20.8,,.6,320,65,15.9,994.9,1004.7,,,,10,9,,63,,20.6,26,25.5
108,서울,2020-06-18 03:00,20.8,,.8,250,66,16.2,994.1,1003.9,,,,9,0,Ci,,,20.5,25.8,25.4
108,서울,2020-06-18 04:00,20.6,,.9,360,69,16.7,993.6,1003.4,,,,9,0,Ci,,,20.4,25.6,25.3
108,서울,2020-06-18 05:00,20.5,,1.6,320,70,16.8,993.8,1003.7,,,,9,0,Ci,,,20.1,25.5,25.2
108,서울,2020-06-18 06:00,20.3,,1.4,320,69,16.4,993.9,1003.8,0,.04,,9,0,Ci,,,20.5,25.3,25.1
108,서울,2020-06-18 07:00,20.5,,1.8,290,72,17.3,993.7,1003.6,0,.2,,9,0,Ci,,,22,25.1,25
108,서울,2020-06-18 08:00,21.1,,.9,320,69,17.2,993.8,1003.6,0,.43,,9,0,Cs,,,25.2,25,24.9
108,서울,2020-06-18 09:00,21.9,,.9,360,66,17.3,993.7,1003.5,0,.5,,10,0,Cs,,,26.4,24.8,24.8
108,서울,2020-06-18 10:00,22.7,,.7,360,64,17.6,993.3,1003,0,.68,,10,0,Cs,,,28.8,24.8,24.6
108,서울,2020-06-18 11:00,23.9,,1.9,70,57,16.8,993.5,1003.2,0,1.02,,10,0,Cs,,,30.5,24.7,24.6
108,서울,2020-06-18 12:00,24.4,,2,70,56,17,993.2,1002.8,0,.98,,10,0,Cs,,,31.1,24.7,24.5
108,서울,2020-06-18 13:00,25.5,,1.4,90,53,17.3,992.5,1002.2,.1,1.36,,9,0,Ci,,,38.1,24.8,24.5
108,서울,2020-06-18 14:00,26.6,,1.6,50,49,17,992.2,1001.8,0,1.58,,10,0,Cs,,,36.7,24.9,24.5
108,서울,2020-06-18 15:00,26.8,,1.8,160,49,17.2,992.1,1001.7,0,1.38,,10,0,Cs,,,36.5,25,24.5
108,서울,2020-06-18 16:00,27.2,,2,180,47,16.9,991.9,1001.5,0,1.52,,9,0,Cs,,,37.7,25.1,24.5
108,서울,2020-06-18 17:00,26.8,,2.2,180,51,17.9,991.5,1001.1,0,.81,,10,0,Cs,,,32.9,25.3,24.6
108,서울,2020-06-18 18:00,26.2,,1.4,250,53,17.9,991.8,1001.4,0,.37,,10,6,ScAs,17,,29.2,25.5,24.6
108,서울,2020-06-18 19:00,25,,2.6,320,62,19.6,992.3,1002,0,.1,,10,3,,14,,26.3,25.6,24.7
108,서울,2020-06-18 20:00,24.2,,1.4,50,64,19.2,991.9,1001.5,0,.03,,9,6,,12,,24.4,25.7,24.8
108,서울,2020-06-18 21:00,24.1,,1.2,20,64,19.1,992.7,1002.3,,,,6,6,Sc,11,,23.3,25.6,24.8
108,서울,2020-06-18 22:00,23.6,,2.4,70,63,18.3,993.3,1003,,,,8,8,,14,,22.6,25.6,24.8
108,서울,2020-06-18 23:00,23.3,,2,70,66,18.8,993.3,1003,,,,9,1,,13,,22.5,25.5,24.9
108,서울,2020-06-19 00:00,23,,1.7,110,68,19,993.5,1003.2,,,,8,4,,,,22.8,25.4,24.8
108,서울,2020-06-19 01:00,22.5,,3.6,70,69,18.8,993.1,1002.8,,,,10,6,,49,,22,25.2,24.8
108,서울,2020-06-19 02:00,22,,3.2,70,70,18.4,993.1,1002.9,,,,10,10,,37,,21.6,25.1,24.7
108,서울,2020-06-19 03:00,21.8,,2.4,90,70,18.2,993.3,1003.1,,,,10,6,ScAs,10,,21.4,25,24.7
108,서울,2020-06-19 04:00,21.7,,2.4,70,69,17.8,994.1,1003.9,,,,10,4,ScAs,10,,21.2,24.9,24.6
108,서울,2020-06-19 05:00,21.4,,1.6,90,69,17.5,994.7,1004.5,,,,10,6,ScAs,10,,21.1,24.7,24.5
108,서울,2020-06-19 06:00,21.3,,1.1,90,70,17.6,995.2,1005,0,.02,,10,3,ScAs,10,,21.1,24.6,24.5
108,서울,2020-06-19 07:00,21.1,0,.8,360,73,18.2,995.9,1005.7,0,.08,,10,6,ScAs,10,01,21.4,24.5,24.4
108,서울,2020-06-19 08:00,21.4,.1,1.6,70,73,18.5,996.1,1005.9,0,.3,,10,4,ScAs,8,01,23,24.4,24.3
108,서울,2020-06-19 09:00,22.2,0,2,70,69,18.4,996.2,1006,0,.52,,9,6,ScAc,13,01,26.8,24.3,24.2
108,서울,2020-06-19 10:00,25,,2.7,90,60,18.9,996,1005.7,.6,1.91,,8,5,AcCi,29,,38.6,24.2,24.2
108,서울,2020-06-19 11:00,26.1,,1.9,70,56,18.9,996,1005.7,.7,2.41,,8,2,ScAcCi,13,,40.4,24.2,24.1
108,서울,2020-06-19 12:00,27.6,,1.5,140,50,18.4,996.1,1005.7,1,3.31,,6,6,Sc,10,,53.5,24.4,24.1
108,서울,2020-06-19 13:00,29.1,,2,250,49,19.6,996.1,1005.6,.6,2.89,,8,8,Sc,13,,53.5,24.6,24.1
108,서울,2020-06-19 14:00,28.6,,2,50,50,19.5,996.1,1005.7,.2,1.91,,8,8,Sc,15,,45.7,25,24.1
108,서울,2020-06-19 15:00,29.4,,2.5,110,48,19.6,995.9,1005.4,.5,2.45,,8,8,Sc,17,,46.5,25.3,24.2
108,서울,2020-06-19 16:00,29.7,,1.6,270,47,19.5,996,1005.5,.3,1.19,,7,7,Sc,15,,44.3,25.7,24.4
108,서울,2020-06-19 17:00,29.3,,1.7,250,48,19.5,995.9,1005.4,.2,.97,,7,7,Sc,10,,37.1,26,24.6
108,서울,2020-06-19 18:00,29.2,0,2.6,290,49,19.7,996.3,1005.8,.3,.77,,7,7,CuSc,10,04,36.3,26.2,24.7
108,서울,2020-06-19 19:00,27.6,,4,290,57,21,997.2,1006.8,1,.7,,3,3,,16,,30.8,26.4,24.9
108,서울,2020-06-19 20:00,24.9,,2.9,290,63,19.7,998,1007.7,.6,.17,,6,0,,,,25.8,26.5,25
108,서울,2020-06-19 21:00,23.9,,2.7,290,65,19.2,998.8,1008.5,,,,0,0,,,,23.7,26.5,25.1
108,서울,2020-06-19 22:00,23.3,,2,320,67,19.1,999.5,1009.3,,,,1,0,,,,22.5,26.5,25.2
108,서울,2020-06-19 23:00,22.9,,2.2,320,68,18.9,999.6,1009.4,,,,3,0,,,,21.7,26.3,25.3
108,서울,2020-06-20 00:00,22.4,,1.5,320,70,18.9,999.7,1009.5,,,,0,0,,,,21,26.2,25.3
108,서울,2020-06-20 01:00,21.9,,.8,290,71,18.5,999.7,1009.5,,,,3,0,,,,20.4,26,25.2
108,서울,2020-06-20 02:00,21.6,,.7,50,74,19,999.7,1009.5,,,,3,0,,,,19.9,25.8,25.2
108,서울,2020-06-20 03:00,21.1,,1.1,160,77,19.2,1000,1009.9,,,,0,0,,,,19.4,25.6,25.1
108,서울,2020-06-20 04:00,21,,1,200,76,18.9,1000.2,1010.1,,,,0,0,,,,19,25.4,25
108,서울,2020-06-20 05:00,20.8,,.7,320,78,19.1,1000.7,1010.6,,,,4,0,Ci,,,18.8,25.2,24.9
108,서울,2020-06-20 06:00,20.7,,.5,50,79,19.2,1001,1010.9,0,.06,,0,0,,,,19.6,25,24.8
108,서울,2020-06-20 07:00,21.6,,1.2,70,78,20,1001.2,1011.1,.7,.44,,0,0,,,,22.8,24.8,24.7
108,서울,2020-06-20 08:00,23.5,,1.7,110,70,20.2,1001.5,1011.3,1,1.08,,0,0,,,,29.7,24.7,24.6
108,서울,2020-06-20 09:00,25.4,,1.5,110,63,20.4,1001.3,1011,1,1.8,,0,0,,,,37.3,24.6,24.5
108,서울,2020-06-20 10:00,26.7,,1.9,290,57,19.9,1001.2,1010.9,1,2.44,,2,1,ScCi,10,,44.2,24.6,24.4
108,서울,2020-06-20 11:00,28,,2.4,250,52,19.6,1001.1,1010.7,1,2.89,,4,4,Sc,10,,49.7,24.7,24.4
108,서울,2020-06-20 12:00,28.8,,2.6,290,51,20.1,1000.5,1010.1,.6,2.59,,5,5,Sc,13,,48.5,24.9,24.4
108,서울,2020-06-20 13:00,29.4,,2.4,270,50,20.4,1000,1009.6,.8,2.84,,6,6,Sc,10,,48.4,25.2,24.4
108,서울,2020-06-20 14:00,28.3,,3.9,290,54,20.6,999.8,1009.4,.4,1.82,,6,6,Sc,12,40,40.3,25.6,24.5
108,서울,2020-06-20 15:00,29.3,,4,290,50,20.2,999.6,1009.2,.6,2.12,,2,2,Sc,10,40,47.3,25.9,24.6
108,서울,2020-06-20 16:00,29.3,,3.3,320,50,20.2,999.3,1008.9,1,2.48,,0,0,,,,46.8,26.2,24.8
108,서울,2020-06-20 17:00,28.5,,3.4,320,51,19.7,999,1008.6,1,2,,0,0,,,,42.7,26.5,24.9
108,서울,2020-06-20 18:00,28.4,,3.4,290,49,18.9,998.5,1008.1,1,1.36,,0,0,,,,36.9,26.7,25.1
108,서울,2020-06-20 19:00,26.7,,3.8,320,54,18.9,999,1008.7,1,.67,,0,0,,,,29.9,26.9,25.3
108,서울,2020-06-20 20:00,24.9,,2.5,320,56,17.6,999.3,1009.1,.6,.16,,0,0,,,,25.7,27,25.4
108,서울,2020-06-20 21:00,23.9,,2.1,270,60,17.7,999.3,1009,,,,0,0,,,,23.5,27,25.5
108,서울,2020-06-20 22:00,23,,2.4,290,67,18.8,999.8,1009.6,,,,1,0,,,,22.3,26.9,25.6
108,서울,2020-06-20 23:00,22.3,,2.2,320,68,18.3,999.5,1009.3,,,,2,0,,,,21.4,26.7,25.6
108,서울,2020-06-21 00:00,21.6,,1.6,320,72,18.5,999.9,1009.8,,,,0,0,,,,20.7,26.5,25.6
108,서울,2020-06-21 01:00,21.3,,1.5,20,71,17.9,999.9,1009.8,,,,2,0,,,,19.9,26.3,25.6
108,서울,2020-06-21 02:00,20.8,,1,290,74,18.1,1000,1009.9,,,,2,0,,,,19.4,26.1,25.5
108,서울,2020-06-21 03:00,20.5,,1.2,290,74,17.7,999.7,1009.6,,,,0,0,,,,19,25.9,25.4
108,서울,2020-06-21 04:00,20.2,,2.3,290,78,18.4,999.7,1009.6,,,,0,0,,,,18.8,25.7,25.3
108,서울,2020-06-21 05:00,19.6,,2.2,320,79,17.9,999.9,1009.8,,,,0,0,,,19,18.5,25.5,25.2
108,서울,2020-06-21 06:00,19.5,,.9,290,82,18.5,999.7,1009.6,0,.06,,0,0,,,19,18.9,25.3,25.1
108,서울,2020-06-21 07:00,20.1,,.2,0,81,19,999.6,1009.5,1,.43,,0,0,,,19,21.9,25.1,25
108,서울,2020-06-21 08:00,22.4,,1.5,160,73,19.7,999.5,1009.3,1,1.15,,0,0,,,19,29.8,24.9,24.9
108,서울,2020-06-21 09:00,24.6,,1,200,64,19.7,999.3,1009,1,1.85,,0,0,,,4019,37.3,24.8,24.8
108,서울,2020-06-21 10:00,26.5,,1.4,160,55,19,998.8,1008.5,1,2.47,,0,0,,,40,44.3,24.8,24.7
108,서울,2020-06-21 11:00,28.6,,1.4,270,49,19.1,998.4,1008,1,2.94,,0,0,,,,50.5,24.9,24.6
108,서울,2020-06-21 12:00,30.3,,1.5,180,45,19.4,997.8,1007.4,1,3.23,,0,0,,,,54.6,25.1,24.6
108,서울,2020-06-21 13:00,31.5,,2.5,270,41,18.9,997.4,1006.9,1,3.42,,0,0,,,,57.2,25.4,24.6
108,서울,2020-06-21 14:00,31.8,,3.3,320,40,18.8,996.9,1006.4,1,3.35,,1,1,Sc,10,,56.7,25.8,24.7
108,서울,2020-06-21 15:00,32.3,,3.6,320,40,19.2,996.3,1005.8,1,3.05,,1,1,Sc,10,,54.9,26.3,24.8
108,서울,2020-06-21 16:00,32,,3.7,320,41,19.4,996.1,1005.6,1,2.6,,1,1,Sc,10,,50.8,26.7,25
108,서울,2020-06-21 17:00,30.9,,3.5,320,44,19.6,995.7,1005.2,1,1.56,,0,0,,,,41.5,27.1,25.2
108,서울,2020-06-21 18:00,30.6,,2.8,320,44,19.2,995.6,1005.1,1,.92,,0,0,,,,37,27.4,25.5
108,서울,2020-06-21 19:00,29.6,,3.6,320,46,19,995.9,1005.4,1,.64,,0,0,,,,31.4,27.6,25.7
108,서울,2020-06-21 20:00,28.1,,2.1,320,53,20.1,997,1006.6,.5,.15,,0,0,,,,27.5,27.7,25.9
108,서울,2020-06-21 21:00,26.4,,1.8,250,61,20.9,997.7,1007.4,,,,0,0,,,,25.2,27.7,26
108,서울,2020-06-21 22:00,25.5,,1.3,270,63,20.5,998,1007.7,,,,0,0,,,,23.8,27.6,26.1
108,서울,2020-06-21 23:00,24.9,,1.1,270,64,20.1,997.8,1007.5,,,,0,0,,,,22.7,27.5,26.2
108,서울,2020-06-22 00:00,24.4,,1.8,290,66,20.1,997.6,1007.3,,,,0,0,,,,22,27.3,26.2
108,서울,2020-06-22 01:00,23.9,,.5,360,67,19.7,997.2,1006.9,,,,0,0,,,,21,27.1,26.1
108,서울,2020-06-22 02:00,23.2,,1.7,320,70,19.9,997.4,1007.1,,,,0,0,,,,20.6,26.9,26.1
108,서울,2020-06-22 03:00,23,,1.3,270,72,20.1,998.2,1008,,,,0,0,,,,20.6,26.7,26
108,서울,2020-06-22 04:00,22.6,,1,320,73,20,998.5,1008.3,,,,0,0,,,,20.1,26.4,25.9
108,서울,2020-06-22 05:00,21.9,,1.7,50,74,19.4,998.1,1007.9,,,,0,0,,,,19.4,26.2,25.8
108,서울,2020-06-22 06:00,21.7,,1.6,50,78,20.1,998.4,1008.2,0,.06,,0,0,,,,19.9,26,25.7
108,서울,2020-06-22 07:00,22.9,,1,340,76,21.2,998.7,1008.5,1,.47,,0,0,,,,23.3,25.8,25.6
108,서울,2020-06-22 08:00,25.2,,.7,70,66,21,998.8,1008.5,1,1.22,,0,0,,,,32.2,25.6,25.5
108,서울,2020-06-22 09:00,28.2,,1.2,110,55,20.9,998.7,1008.3,1,1.92,,0,0,,,,40.3,25.5,25.4
108,서울,2020-06-22 10:00,29.6,,2,320,52,21.4,998.5,1008,1,2.56,,0,0,,,,47.5,25.5,25.3
108,서울,2020-06-22 11:00,31,,1.9,340,47,21,998.1,1007.6,1,2.95,,1,0,Ci,,,52.4,25.7,25.2
108,서울,2020-06-22 12:00,32.5,,3,270,42,20.5,998,1007.5,1,3.28,,2,0,Ci,,,56.3,25.9,25.2
108,서울,2020-06-22 13:00,32.8,,3.3,320,38,18.9,997.7,1007.2,1,3.38,,2,0,Ci,,,57.6,26.2,25.2
108,서울,2020-06-22 14:00,33.7,,3.1,320,33,17.2,997.1,1006.5,1,3.34,,0,0,,,,58.7,26.6,25.3
108,서울,2020-06-22 15:00,35.2,,2.5,50,30,17,996.8,1006.2,1,3.11,,1,0,Ci,,,57.5,27,25.5
108,서울,2020-06-22 16:00,35.2,,3.5,270,27,15.3,996.8,1006.2,1,2.67,,1,0,Ci,,,54.3,27.5,25.6
108,서울,2020-06-22 17:00,35,,3.3,290,31,17.4,996.7,1006.1,1,2.02,,4,0,Ci,,,45.6,27.9,25.9
108,서울,2020-06-22 18:00,33.1,,3.8,290,38,19.1,996.9,1006.3,1,1.21,,6,0,Ci,,,37.7,,26.1
108,서울,2020-06-22 19:00,31.7,,3.4,290,42,19.6,997.4,1006.9,.9,.61,,6,0,,,,33.1,31.7,26.3
108,서울,2020-06-22 20:00,29.7,,2.9,270,45,18.6,997.9,1007.4,.4,.15,,2,0,,,,29.1,30.9,26.5
108,서울,2020-06-22 21:00,28.5,,2.6,290,36,13.9,998.4,1008,,,,2,0,Ci,,,26.6,30,26.7
108,서울,2020-06-22 22:00,27.8,,1.5,290,46,17.2,998.9,1008.5,,,,0,0,,,,25.4,29.2,26.8
108,서울,2020-06-22 23:00,27.2,,1.7,270,51,18.3,999.1,1008.7,,,,1,0,,,,24.4,28.5,26.8
108,서울,2020-06-23 00:00,26.6,,.6,290,53,18.4,998.9,1008.6,,,,2,0,Ci,,,23.5,27.9,26.8
108,서울,2020-06-23 01:00,25.8,,1.5,270,56,18.5,999.1,1008.8,,,,4,0,,,,22.9,27.4,26.8
108,서울,2020-06-23 02:00,25.5,,1.2,250,56,18.2,999,1008.7,,,,7,0,,,,22.7,27,26.8
108,서울,2020-06-23 03:00,24.9,,1.7,250,61,19.1,998.7,1008.4,,,,8,0,Ci,,,23,26.6,26.7
108,서울,2020-06-23 04:00,24.3,,2.9,270,57,17.3,999.5,1009.2,,,,7,0,Ci,,,22.8,26.3,26.6
108,서울,2020-06-23 05:00,23.7,,2,250,60,17.5,999.7,1009.4,,,,7,0,Ci,,,21.8,26,26.5
108,서울,2020-06-23 06:00,23.3,,1.6,270,62,17.7,999.7,1009.5,0,.04,,6,0,Ci,,,21.9,25.7,26.4
108,서울,2020-06-23 07:00,23.5,,1.4,230,63,18.2,999.5,1009.2,.4,.31,,5,0,Cc,,,24.5,25.5,26.3
108,서울,2020-06-23 08:00,25.4,,1.4,270,58,18.8,999.1,1008.8,1,.99,,1,0,Cc,,,33.3,25.6,26.2
108,서울,2020-06-23 09:00,27.5,,1.9,230,50,18.3,998.7,1008.3,1,1.89,,2,0,Cc,,,41.9,26.2,26.1
108,서울,2020-06-23 10:00,29.4,,2.3,200,45,18.4,998.6,1008.1,1,2.56,,3,0,Ci,,,50,27.3,26
108,서울,2020-06-23 11:00,30.6,,2.6,250,43,18.8,998.8,1008.4,1,2.7,,7,0,Ci,,,49.9,28.5,25.9
108,서울,2020-06-23 12:00,30.7,,2.7,250,44,19.4,998.4,1007.9,.6,2.23,,8,0,Ci,,,47.3,29.3,25.9
108,서울,2020-06-23 13:00,30.8,,2.6,270,44,19.5,998.2,1007.7,.1,1.79,,9,0,Ci,,,45,29.8,25.9
108,서울,2020-06-23 14:00,30.8,,2.2,290,44,19.5,998.1,1007.6,0,1.24,,9,0,Ci,,,43.5,29.9,25.9
108,서울,2020-06-23 15:00,30.2,,2.8,250,48,20.5,998.4,1008,0,.96,,9,3,AcCi,35,,37.2,29.9,26
108,서울,2020-06-23 16:00,30.1,,3.2,290,50,21.3,998.4,1008,0,1.1,,9,4,AcCi,35,,38.6,29.7,26.1
108,서울,2020-06-23 17:00,29.4,,3,290,50,20.4,998.3,1007.8,0,.58,,9,3,AcCi,35,,35,29.6,26.2
108,서울,2020-06-23 18:00,28.4,,2.8,270,51,19.6,998.2,1007.8,0,.42,,9,6,AcCi,35,,31.7,29.3,26.3
108,서울,2020-06-23 19:00,27.3,,2,270,51,18.4,998,1007.6,0,.11,,10,9,,53,,28.5,28.8,26.4
108,서울,2020-06-23 20:00,27,,.9,270,51,18.1,997.6,1007.2,0,.05,,10,9,,54,,27,28.3,26.4
108,서울,2020-06-23 21:00,26.8,,.4,0,52,18.3,997.4,1007,,,,9,9,Ac,46,,26.1,27.8,26.5
108,서울,2020-06-23 22:00,26.6,,1.8,270,54,18.8,997.5,1007.2,,,,10,10,,43,,25.7,27.4,26.5
108,서울,2020-06-23 23:00,26.3,0,1.5,270,57,19.4,997.4,1007.1,,,,9,9,Ac,39,01,25.3,27.1,26.4
108,서울,2020-06-24 00:00,26.3,,.8,50,60,20.5,996.7,1006.4,,,,9,9,Ac,,,25.1,26.8,26.4
108,서울,2020-06-24 01:00,26.1,,1.4,50,64,21.6,995.9,1005.6,,,,10,1,,16,,25,26.6,26.4
108,서울,2020-06-24 02:00,26.1,,1.2,70,66,22.2,995.8,1005.5,,,,10,4,,11,,25,26.4,26.3
108,서울,2020-06-24 03:00,26.1,,1.5,50,67,22.5,995.6,1005.3,,,,10,2,ScAs,16,,24.9,26.3,26.2
108,서울,2020-06-24 04:00,26.2,,1.5,110,63,21.3,995.5,1005.2,,,,10,10,As,30,,24.8,26.1,26.2
108,서울,2020-06-24 05:00,26.2,0,1.8,70,62,21,995.1,1004.8,,,,10,3,ScAs,16,01,24.3,26,26.1
108,서울,2020-06-24 06:00,25.7,0,2.5,110,60,19.7,995,1004.7,0,.01,,10,3,ScAs,16,01,22.6,25.8,26
108,서울,2020-06-24 07:00,25.9,0,3.9,110,56,18.6,994.7,1004.4,0,.12,,10,3,ScAs,17,01,24.1,25.6,26
108,서울,2020-06-24 08:00,25.1,.1,2.9,110,62,19.6,995.4,1005.1,0,.21,,10,5,ScAs,16,01,23.3,25.5,25.9
108,서울,2020-06-24 09:00,24.4,.2,3.1,90,66,20.1,994.8,1004.4,0,.26,,10,3,ScAs,16,01,22.9,25.3,25.8
108,서울,2020-06-24 10:00,23.9,.2,4.5,140,67,19.7,995.2,1004.9,0,.23,,10,5,StNs,7,01,22,25.2,25.8
108,서울,2020-06-24 11:00,21.3,6.6,2.9,90,84,21.2,995,1004.8,0,.22,,10,7,StNs,8,1901,21.2,25,25.7
108,서울,2020-06-24 12:00,20.4,7.8,4,70,90,21.4,994,1003.9,0,.24,,10,7,StNs,7,1901,21.1,24.3,25.6
108,서울,2020-06-24 13:00,19.9,6.2,4,70,92,21.3,993.1,1003,0,.29,,10,3,StNs,4,1901,20.9,23.8,25.5
108,서울,2020-06-24 14:00,20,1.5,2.4,70,94,21.8,992.8,1002.7,0,.39,,10,3,StNs,2,1901,21.8,23.6,25.4
108,서울,2020-06-24 15:00,20.3,.7,3.2,70,95,22.5,992.1,1001.9,0,.35,,10,6,StNs,2,1901,22.2,23.6,25.3
108,서울,2020-06-24 16:00,20.7,.3,3.3,70,94,22.8,991.7,1001.5,0,.34,,10,6,StNs,3,1901,22.4,23.6,25.2
108,서울,2020-06-24 17:00,20.6,1.9,2.2,70,95,22.9,991.4,1001.2,0,.17,,10,6,StNs,2,1901,21.7,23.6,25
108,서울,2020-06-24 18:00,20.5,3.3,2.5,50,96,23.1,990.9,1000.7,0,.05,,10,7,StNs,2,1901,21.3,23.4,24.9
108,서울,2020-06-24 19:00,20.4,1.5,3,50,97,23.2,991.2,1001,0,.02,,10,6,StNs,2,1901,21,23.3,24.8
108,서울,2020-06-24 20:00,20.4,1.2,3,50,97,23.2,991.2,1001,0,.01,,10,3,StNs,2,1901,20.9,23.1,24.7
108,서울,2020-06-24 21:00,20.4,1.7,3,50,97,23.2,991.2,1001,,,,10,8,StNs,3,1901,20.9,23,24.6
108,서울,2020-06-24 22:00,20.5,1.6,2.5,50,97,23.4,991.4,1001.2,,,,10,8,StNs,2,1901,20.9,22.9,24.5
108,서울,2020-06-24 23:00,20.5,1.7,2,50,97,23.4,991.2,1001,,,,10,8,StNs,2,1901,20.9,22.8,24.4
108,서울,2020-06-25 00:00,20.6,1.1,2,50,97,23.5,991.2,1001,,,,10,8,StNs,2,1901,21,22.7,24.3
108,서울,2020-06-25 01:00,20.6,2,2.1,50,98,23.7,990.9,1000.7,,,,10,9,StNs,2,1901,21,22.7,24.2
108,서울,2020-06-25 02:00,20.7,3.1,1.4,50,97,23.7,991,1000.8,,,,10,9,StNs,2,1901,21,22.6,24.2
108,서울,2020-06-25 03:00,20.7,2.7,1,50,97,23.7,990.9,1000.7,,,,10,9,StNs,2,1901,21,22.5,24.1
108,서울,2020-06-25 04:00,20.8,2,1,50,97,23.8,991.1,1000.9,,,,10,9,StNs,2,1901,21,22.5,24
108,서울,2020-06-25 05:00,20.9,.7,1.3,360,97,23.8,991.3,1001.1,,,,10,9,StNs,2,1901,21.1,22.5,23.9
108,서울,2020-06-25 06:00,21.1,.3,2.5,180,97,24.1,991.3,1001.1,0,.02,,10,9,StNs,2,1901,21.2,22.5,23.8
108,서울,2020-06-25 07:00,21.1,.2,1.1,200,96,24,991.7,1001.5,0,.06,,10,10,St,2,190201,21.6,22.5,23.7
108,서울,2020-06-25 08:00,21.5,0,1.1,90,95,24.3,991.5,1001.3,0,.21,,10,10,St,3,1902,22.7,22.5,23.7
108,서울,2020-06-25 09:00,21.6,0,2.8,160,93,24,991.8,1001.6,0,.28,,10,10,St,7,1902,22.8,22.7,23.6
108,서울,2020-06-25 10:00,22,0,3,140,93,24.6,991.7,1001.4,0,.8,,10,10,St,7,1902,24.8,22.9,23.6
108,서울,2020-06-25 11:00,21.9,.5,2.1,180,93,24.4,991.7,1001.5,0,.54,,10,10,St,6,1902,24.7,23.3,23.5
108,서울,2020-06-25 12:00,22.7,0,2.8,180,89,24.4,991.5,1001.2,0,.97,,10,8,ScAs,9,1902,26.8,23.6,23.5
108,서울,2020-06-25 13:00,22.1,0,2.3,230,88,23.4,991.8,1001.5,0,.38,,10,10,St,3,1902,24.3,23.9,23.5
108,서울,2020-06-25 14:00,22.3,0,2.5,200,85,22.8,991.7,1001.4,0,.39,,10,7,ScAs,9,1902,24.4,23.9,23.5
108,서울,2020-06-25 15:00,23.1,,2.9,180,82,23.1,991.8,1001.5,.1,1.05,,10,8,ScAs,10,,26.9,24,23.6
108,서울,2020-06-25 16:00,23,,2.3,230,80,22.4,991.8,1001.5,0,.82,,10,7,ScAs,9,,25.6,24.3,23.6
108,서울,2020-06-25 17:00,22.5,,2.8,200,82,22.2,991.7,1001.4,0,.27,,10,8,ScAs,10,,23.8,24.4,23.6
108,서울,2020-06-25 18:00,22.3,,2.2,200,83,22.2,991.4,1001.1,0,.22,,10,8,ScAs,8,,23.1,24.2,23.7
108,서울,2020-06-25 19:00,22.2,,2.3,180,83,22.1,992,1001.7,0,.07,,10,8,,5,,22.3,24,23.7
108,서울,2020-06-25 20:00,21.6,,2.2,180,87,22.4,992.2,1002,0,.03,,10,9,,3,,21.7,23.8,23.7
108,서울,2020-06-25 21:00,20.9,.4,3.5,180,91,22.4,992.5,1002.3,,,,10,10,St,2,1902,21.3,23.5,23.8
108,서울,2020-06-25 22:00,20.5,.3,2.1,180,93,22.4,993,1002.8,,,,10,10,St,2,1902,21,23.3,23.8
108,서울,2020-06-25 23:00,20.2,.3,3.8,200,95,22.4,993.3,1003.2,,,,10,10,St,2,1902,20.8,23.1,23.8
108,서울,2020-06-26 00:00,20.1,.8,2,200,96,22.5,993.4,1003.3,,,,10,10,,,1902,20.7,22.9,23.7
108,서울,2020-06-26 01:00,19.9,.3,3.2,200,96,22.2,993.3,1003.2,,,,10,10,St,2,1902,20.5,22.7,23.7
108,서울,2020-06-26 02:00,19.7,.6,2.7,230,96,22,993.3,1003.1,,,,10,10,St,2,1902,20.3,22.6,23.7
108,서울,2020-06-26 03:00,19.5,.7,3,200,97,22,994,1003.8,,,,10,10,St,2,1902,20.2,22.4,23.6
108,서울,2020-06-26 04:00,19.2,.3,3.1,230,97,21.6,994.5,1004.3,,,,10,10,St,2,1902,19.9,22.3,23.6
108,서울,2020-06-26 05:00,19.2,.2,2.8,230,97,21.6,994.8,1004.6,,,,10,10,St,2,1902,19.9,22.1,23.5
108,서울,2020-06-26 06:00,19.3,0,2.8,250,97,21.7,995.4,1005.2,0,.01,,10,10,St,2,1902,19.9,22,23.4
108,서울,2020-06-26 07:00,19.5,,3.2,200,96,21.7,995.6,1005.4,0,.05,,10,10,St,2,19,20.3,22,23.4
108,서울,2020-06-26 08:00,19.5,,4.1,230,94,21.3,996.2,1006,0,.09,,10,10,St,2,19,20.1,21.9,23.3
108,서울,2020-06-26 09:00,19.7,,3.9,230,94,21.6,996.4,1006.2,0,.13,,10,10,St,5,19,20.6,21.9,23.2
108,서울,2020-06-26 10:00,20.4,,2.6,230,92,22,996.8,1006.7,0,.4,,10,10,St,5,19,22.5,21.9,23.2
108,서울,2020-06-26 11:00,21.6,,2.7,250,87,22.4,996.9,1006.7,0,.94,,10,10,St,4,19,25.7,22.2,23.1
108,서울,2020-06-26 12:00,23.1,,3.1,200,75,21.2,996.9,1006.6,.2,1.57,,9,9,Sc,10,19,28.3,22.8,23.1
108,서울,2020-06-26 13:00,23.8,,3.7,250,72,21.2,997,1006.7,.3,1.81,,9,9,Sc,8,,27.5,23.6,23
108,서울,2020-06-26 14:00,23.9,,3.1,250,74,21.8,996.4,1006.1,0,.77,,9,9,Sc,8,,26.6,23.9,23
108,서울,2020-06-26 15:00,25.3,,4.4,250,67,21.6,996.3,1006,.6,2.19,,8,8,Sc,9,,30.2,24.3,23.1
108,서울,2020-06-26 16:00,25.7,,3.9,250,64,21,996.3,1006,.7,2.2,,6,6,Sc,10,,31,24.9,23.1
108,서울,2020-06-26 17:00,24.9,,3.3,230,69,21.7,996.3,1006,.7,1.58,,8,8,Sc,7,,27.6,25.3,23.2
108,서울,2020-06-26 18:00,24.3,,3.4,200,71,21.4,996.5,1006.2,.4,.81,,7,7,Sc,10,,25,25.2,23.3
108,서울,2020-06-26 19:00,23.4,,3.2,230,75,21.6,996.9,1006.6,.2,.39,,4,4,,6,,23.2,25,23.4
108,서울,2020-06-26 20:00,22.6,,3.5,250,76,20.8,997.3,1007.1,0,.09,,6,4,,7,,21.3,24.6,23.5
108,서울,2020-06-26 21:00,21.9,,2.2,250,78,20.4,997.7,1007.5,,,,6,2,ScCi,10,,20.5,24.1,23.6
108,서울,2020-06-26 22:00,21.8,,2.7,200,78,20.2,998,1007.8,,,,,1,,9,,20.4,23.6,23.7
108,서울,2020-06-26 23:00,21.6,,2.3,230,77,19.7,998.3,1008.1,,,,,5,,58,,20.2,23.3,23.7
108,서울,2020-06-27 00:00,21.3,,1.6,230,78,19.7,998.4,1008.3,,,,6,0,,,,19.9,23.1,23.7
108,서울,2020-06-27 01:00,21,,1.2,250,79,19.6,998,1007.9,,,,8,2,,9,,19.9,22.8,23.7
108,서울,2020-06-27 02:00,21,,1.4,250,78,19.4,997.7,1007.6,,,,10,2,,9,,19.9,22.6,23.6
108,서울,2020-06-27 03:00,20.9,,1.4,250,78,19.2,997.4,1007.3,,,,8,0,Ci,,,19.8,22.5,23.6
108,서울,2020-06-27 04:00,20.7,,1.1,340,80,19.5,996.9,1006.8,,,,9,3,ScCi,10,,19.9,22.3,23.5
108,서울,2020-06-27 05:00,20.5,,.6,340,82,19.7,996.4,1006.3,,,,8,4,ScCi,10,,19.9,22.2,23.5
108,서울,2020-06-27 06:00,20.4,,.2,0,81,19.4,996.4,1006.3,0,.02,,10,2,ScAs,11,,20.2,22.1,23.4
108,서울,2020-06-27 07:00,20.6,0,.2,0,81,19.6,996.8,1006.7,0,.08,,10,3,ScAs,13,01,20.7,22.1,23.3
108,서울,2020-06-27 08:00,21.3,,0,0,78,19.7,996.9,1006.7,0,.33,,10,6,ScAs,10,,22.4,22.1,23.3
108,서울,2020-06-27 09:00,22.5,,.9,70,75,20.4,996.5,1006.3,0,.87,,9,2,AcCi,40,,25.7,22.5,23.2
108,서울,2020-06-27 10:00,23.7,,.4,0,70,20.4,996.5,1006.2,0,1.35,,7,4,AcCi,49,,29.3,23,23.2
108,서울,2020-06-27 11:00,25.3,,2.4,200,64,20.5,996.2,1005.9,.8,2.62,,7,5,AcCi,48,,32.5,24,23.1
108,서울,2020-06-27 12:00,27.1,,2.1,200,60,21.4,995.9,1005.5,.9,3.06,,7,3,ScCi,10,40,36.5,25.2,23.1
108,서울,2020-06-27 13:00,27.4,,2.1,270,54,19.6,995.6,1005.2,.6,2.57,,8,7,ScCi,12,40,32.1,26.3,23.2
108,서울,2020-06-27 14:00,28.3,,2.3,250,56,21.4,994.7,1004.3,.5,2.4,,2,1,ScAc,13,40,34.9,26.6,23.3
108,서울,2020-06-27 15:00,29,,3.1,250,55,22,994.3,1003.8,1,2.8,,1,1,Sc,12,40,33.5,27.4,23.4
108,서울,2020-06-27 16:00,29.4,,3.5,250,54,22.1,993.9,1003.4,.8,2.26,,6,3,ScCi,14,,32.7,27.9,23.6
108,서울,2020-06-27 17:00,28.5,,3.6,270,54,20.9,993.7,1003.2,1,1.91,,0,0,,,,29.9,28,23.8
108,서울,2020-06-27 18:00,26.7,,5.3,290,61,21.3,993.6,1003.2,1,1.25,,0,0,,,,26.2,27.8,24
108,서울,2020-06-27 19:00,25.3,,3.7,270,65,20.9,994.1,1003.8,.8,.55,,2,0,,,,24,27.2,24.2
108,서울,2020-06-27 20:00,24,,2.9,270,67,19.9,994.2,1003.9,0,.11,,3,0,,,,21.9,26.5,24.4
108,서울,2020-06-27 21:00,23.5,,1.9,320,71,20.5,994.7,1004.4,,,,8,8,Sc,10,,21.6,25.8,24.5
108,서울,2020-06-27 22:00,23.2,,2.1,320,77,21.8,995.2,1004.9,,,,6,1,,10,,21.4,25.2,24.6
108,서울,2020-06-27 23:00,23,,2.4,320,77,21.6,995.3,1005,,,,4,2,,9,19,21.4,24.8,24.6
108,서울,2020-06-28 00:00,22.5,,1.6,270,82,22.2,995.1,1004.9,,,,6,6,,,19,21,24.5,24.6
108,서울,2020-06-28 01:00,22.2,,1.2,250,84,22.4,994.5,1004.3,,,,1,0,,,19,20.6,24.1,24.6
108,서울,2020-06-28 02:00,21.8,,.7,320,85,22.1,994.1,1003.9,,,,5,2,,4,19,20.4,23.9,24.5
108,서울,2020-06-28 03:00,21.7,,2,290,87,22.5,994.3,1004.1,,,,2,2,Sc,9,19,20.3,23.6,24.5
108,서울,2020-06-28 04:00,21.6,,.9,340,87,22.4,994.3,1004.1,,,,6,6,Sc,9,19,20.7,23.4,24.4
108,서울,2020-06-28 05:00,21.6,,1.6,270,88,22.7,994.4,1004.2,,,,5,5,Sc,10,19,20.9,23.3,24.3
108,서울,2020-06-28 06:00,21.5,,.8,320,88,22.5,994.8,1004.6,0,.05,,0,0,,,19,20.8,23.2,24.2
108,서울,2020-06-28 07:00,21.9,,2.6,290,89,23.2,995.2,1005,.6,.46,,1,1,Sc,11,19,22.6,23.1,24.1
108,서울,2020-06-28 08:00,22.8,,2.3,270,83,22.9,995.3,1005,.9,.93,,3,3,Sc,10,19,26.1,23.3,24.1
108,서울,2020-06-28 09:00,24.1,,2.7,290,76,22.7,995.2,1004.9,1,1.89,,3,3,Sc,10,19,30.5,23.7,24
108,서울,2020-06-28 10:00,25.1,,2.7,290,70,22.2,995,1004.7,1,2.38,,2,2,Sc,10,19,32,24.4,23.9
108,서울,2020-06-28 11:00,26.1,,3.4,270,64,21.6,994.7,1004.4,.8,2.62,,2,2,Sc,10,,34.2,25.2,23.9
108,서울,2020-06-28 12:00,27.5,,3,270,59,21.6,994.5,1004.1,.9,3.14,,4,4,Sc,11,,37.2,26.1,23.9
108,서울,2020-06-28 13:00,28,,3,320,56,21,994.1,1003.7,.9,3.53,,3,3,Sc,12,,37.9,27.2,23.9
108,서울,2020-06-28 14:00,28.6,,3.4,270,52,20.2,994,1003.5,.9,3.34,,3,3,Sc,10,,38,28.1,24
108,서울,2020-06-28 15:00,29.9,,3,290,51,21.4,994,1003.5,1,3.35,,4,4,Sc,13,,40.5,28.9,24.2
108,서울,2020-06-28 16:00,29.6,,3.4,250,53,22,994,1003.5,1,2.79,,3,3,Sc,10,,38.4,29.4,24.4
108,서울,2020-06-28 17:00,29.1,,3.4,270,58,23.2,993.9,1003.4,1,2.03,,2,2,Sc,10,,34.9,29.5,24.6
108,서울,2020-06-28 18:00,28.6,,2.7,270,60,23.4,993.8,1003.3,1,1.33,,2,0,Ci,,,30,29.4,24.8
108,서울,2020-06-28 19:00,27.6,,2.7,270,64,23.5,994.4,1004,1,.61,,2,0,,,,26.9,29,25
108,서울,2020-06-28 20:00,26.2,,2,270,66,22.4,994.8,1004.5,.4,.15,,0,0,,,,24.5,28.3,25.2
108,서울,2020-06-28 21:00,25.1,,2.6,290,70,22.2,995.7,1005.4,,,,0,0,,,,23.1,27.6,25.4
108,서울,2020-06-28 22:00,24.1,,2.8,270,69,20.6,996.3,1006,,,,2,0,,,,22.1,26.9,25.5
108,서울,2020-06-28 23:00,23.6,,2,270,71,20.6,996.1,1005.8,,,,2,0,,,,21.6,26.3,25.5
108,서울,2020-06-29 00:00,23.2,,1.5,270,74,21,996,1005.7,,,,0,0,,,,21.2,25.8,25.5
108,서울,2020-06-29 01:00,22.8,,1.8,270,78,21.7,995.8,1005.5,,,,2,0,,,,,,
108,서울,2020-06-29 02:00,22.1,,1.8,250,80,21.3,996,1005.8,,,,6,0,,,19,20.7,25,25.5
108,서울,2020-06-29 03:00,21.6,,1.2,290,83,21.3,996.1,1005.9,,,,4,0,Ci,,19,20.3,24.7,25.4
108,서울,2020-06-29 04:00,21,,2,50,85,21,995.5,1005.3,,,,0,0,,,19,19.8,24.4,25.3
108,서울,2020-06-29 05:00,20.8,,1.5,50,86,21,995.5,1005.4,,,,5,0,Ci,,19,19.6,24,25.2
108,서울,2020-06-29 06:00,20.9,,1.8,50,88,21.7,995.9,1005.8,0,.05,,8,0,Ci,,19,20.2,23.8,25.1
108,서울,2020-06-29 07:00,22,,2,50,87,22.9,995.8,1005.6,.3,.43,,8,0,Ci,,19,22.7,23.7,25
108,서울,2020-06-29 08:00,23.8,,2.6,50,81,23.8,995.5,1005.2,.6,.94,,7,0,Ci,,19,26.8,23.9,24.9
108,서울,2020-06-29 09:00,25.2,,1.6,70,72,22.9,995.3,1005,.8,1.51,,9,1,AcCi,30,19,28.8,24.4,24.8
108,서울,2020-06-29 10:00,25.4,,2.6,90,67,21.7,995.1,1004.8,0,1.07,,9,0,Ci,,4019,26.8,25,24.7
108,서울,2020-06-29 11:00,26.5,,2.4,70,65,22.4,995.1,1004.7,0,1.15,,9,0,Ci,,40,28.7,25.4,24.6
108,서울,2020-06-29 12:00,26.5,,2.9,70,67,23.1,994,1003.6,0,.75,,9,5,AcCi,30,,27,25.7,24.6
108,서울,2020-06-29 13:00,26.3,,3,50,68,23.2,993.2,1002.8,0,.51,,9,3,ScCi,10,,26,25.8,24.6
108,서울,2020-06-29 14:00,26.2,,2.7,90,68,23.1,992.9,1002.5,0,.53,,10,5,ScAs,10,,25.4,25.8,24.6
108,서울,2020-06-29 15:00,25.9,,3.1,90,69,22.9,992.1,1001.7,0,.28,,10,5,ScAs,10,,24.3,25.7,24.7
108,서울,2020-06-29 16:00,26.2,,1.8,90,70,23.7,991.3,1000.9,0,.4,,9,3,ScCi,9,,25.1,25.6,24.7
108,서울,2020-06-29 17:00,26.2,,2.4,90,67,22.7,990.5,1000.1,0,.39,,9,7,AcCi,47,,24.8,25.6,24.7
108,서울,2020-06-29 18:00,26.1,,3.7,90,65,21.8,990.1,999.7,0,.3,,9,4,ScCi,11,,23.7,25.5,24.7
108,서울,2020-06-29 19:00,25.8,0,2.7,70,66,21.8,989.4,999,0,.08,,10,5,ScAs,11,01,23,25.3,24.7
108,서울,2020-06-29 20:00,25,0,3.1,110,72,22.7,988.7,998.3,0,.01,,10,7,ScAs,9,401901,22.6,25.1,24.7
108,서울,2020-06-29 21:00,23.6,.5,3.4,70,80,23.2,987.3,996.9,,,,10,8,StNs,8,1901,22,24.8,24.7
108,서울,2020-06-29 22:00,22.8,.8,2.7,50,85,23.5,986.2,995.8,,,,10,8,StNs,8,1901,21.7,24.5,24.7
108,서울,2020-06-29 23:00,21.6,5,5.2,50,89,22.9,985.2,994.9,,,,10,8,StNs,7,1901,21.1,24.2,24.7
108,서울,2020-06-30 00:00,20.6,5.6,4,50,92,22.2,983.8,993.5,,,,10,7,,,1901,20.4,23.7,24.7
108,서울,2020-06-30 01:00,19.6,13.3,5.1,50,93,21.2,981.6,991.3,,,,10,9,StNs,7,1901,19.5,22.8,24.6
108,서울,2020-06-30 02:00,19.2,10.8,6.5,70,94,20.9,980.7,990.4,,,,10,9,StNs,5,1901,19,22,24.5
108,서울,2020-06-30 03:00,19.2,2.3,6.1,50,92,20.4,979.9,989.6,,,,10,8,StNs,9,1901,18.8,21.7,24.3
108,서울,2020-06-30 04:00,18.8,12.4,3.9,50,94,20.4,979.8,989.5,,,,10,9,StNs,8,1901,18.5,21.1,24.2
108,서울,2020-06-30 05:00,18.5,11,4,50,95,20.1,979.9,989.6,,,,10,9,StNs,8,1901,18.4,20.6,23.8
108,서울,2020-06-30 06:00,18.5,10.6,2.7,50,96,20.4,980.1,989.8,0,.01,,10,8,StNs,8,1901,18.3,20.1,23.5
108,서울,2020-06-30 07:00,18.7,1.4,2.2,20,95,20.4,980.7,990.4,0,.04,,10,9,StNs,7,1901,18.8,20.1,23.2
108,서울,2020-06-30 08:00,19,1.3,3.7,50,95,20.8,981,990.7,0,.17,,10,7,StNs,4,1901,19.8,20.3,23
108,서울,2020-06-30 09:00,19.4,.8,1.5,270,95,21.3,981.2,990.9,0,.37,,10,8,StNs,7,1901,21.1,20.5,22.9
108,서울,2020-06-30 10:00,19.9,.1,2.5,320,92,21.3,981.2,991,0,.52,,10,7,ScAs,13,1901,22.4,20.8,22.8
108,서울,2020-06-30 11:00,20.6,0,3.3,320,83,20.1,981.4,991.1,0,.5,,10,8,ScAs,13,01,21.9,21.1,22.7
108,서울,2020-06-30 12:00,21.2,0,3.2,340,77,19.2,982,991.7,0,.51,,10,8,ScAs,13,01,22.3,21.2,22.6
108,서울,2020-06-30 13:00,22,0,3.4,70,75,19.7,982.5,992.2,0,.86,,10,7,ScAs,12,01,24.1,21.5,22.6
108,서울,2020-06-30 14:00,22.4,0,4.7,50,73,19.7,983.1,992.7,0,.98,,10,7,ScAs,11,01,24.2,21.8,22.6
108,서울,2020-06-30 15:00,23.1,0,3.8,340,69,19.4,983.5,993.1,0,.98,,10,7,ScAs,14,01,24.6,22.2,22.6
108,서울,2020-06-30 16:00,22.7,,5.3,340,66,18.2,984.5,994.1,0,.45,,10,7,ScAs,14,,22.1,22.3,22.6
108,서울,2020-06-30 17:00,22.5,,5.8,360,64,17.4,985.4,995.1,0,.36,,10,7,ScAs,14,,21,22.3,22.6
108,서울,2020-06-30 18:00,21.7,0,5.6,320,66,17,987,996.7,0,.24,,10,8,ScAs,16,01,20,22.1,22.6
108,서울,2020-06-30 19:00,20.6,0,5,320,72,17.4,988,997.8,0,.16,,10,7,ScAs,17,01,19.5,21.8,22.7
108,서울,2020-06-30 20:00,20,0,3.8,320,78,18.2,988.8,998.6,0,.05,,10,7,ScAs,10,01,18.9,21.6,22.7
108,서울,2020-06-30 21:00,18.9,.5,2.5,320,84,18.3,989.7,999.5,,,,10,8,ScAs,10,01,18.5,21.4,22.7
108,서울,2020-06-30 22:00,18.6,.2,3.3,320,88,18.8,990.2,1000,,,,10,8,StNs,9,01,18.4,21.1,22.7
108,서울,2020-06-30 23:00,18.7,0,3.3,320,87,18.6,990.8,1000.6,,,,10,8,ScAs,10,01,18.3,20.9,22.7
